ERROR - 2026-05-20 06:42:14 --> Unable to prepare statement: no such function: YEAR
in SYSTEMPATH/Database/SQLite3/Connection.php on line 164.
 1 SYSTEMPATH/Database/SQLite3/Connection.php(164): SQLite3->query()
 2 SYSTEMPATH/Database/BaseConnection.php(910): CodeIgniter\Database\SQLite3\Connection->execute()
 3 SYSTEMPATH/Database/BaseConnection.php(827): CodeIgniter\Database\BaseConnection->simpleQuery()
 4 SYSTEMPATH/Database/BaseBuilder.php(1733): CodeIgniter\Database\BaseConnection->query()
 5 APPPATH/Controllers/Admin/DashboardAdminController.php(163): CodeIgniter\Database\BaseBuilder->countAllResults()
 6 APPPATH/Controllers/Admin/DashboardAdminController.php(22): App\Controllers\Admin\DashboardAdminController->buildDashboardData()
 7 SYSTEMPATH/CodeIgniter.php(951): App\Controllers\Admin\DashboardAdminController->index()
 8 SYSTEMPATH/CodeIgniter.php(497): CodeIgniter\CodeIgniter->runController()
 9 SYSTEMPATH/CodeIgniter.php(340): CodeIgniter\CodeIgniter->handleRequest()
10 SYSTEMPATH/Boot.php(417): CodeIgniter\CodeIgniter->run()
11 SYSTEMPATH/Boot.php(68): CodeIgniter\Boot::runCodeIgniter()
12 FCPATH/index.php(59): CodeIgniter\Boot::bootWeb()
13 SYSTEMPATH/rewrite.php(44): require_once('/home/jeannie/Documents/L2/S4/SI/PROJETS/GestionConge/public/index.php')
CRITICAL - 2026-05-20 06:42:14 --> CodeIgniter\Database\Exceptions\DatabaseException: Unable to prepare statement: no such function: YEAR
[Method: GET, Route: admin/dashboard]
in SYSTEMPATH/Database/BaseConnection.php on line 865.
 1 SYSTEMPATH/Database/BaseBuilder.php(1733): CodeIgniter\Database\BaseConnection->query()
 2 APPPATH/Controllers/Admin/DashboardAdminController.php(163): CodeIgniter\Database\BaseBuilder->countAllResults()
 3 APPPATH/Controllers/Admin/DashboardAdminController.php(22): App\Controllers\Admin\DashboardAdminController->buildDashboardData()
 4 SYSTEMPATH/CodeIgniter.php(951): App\Controllers\Admin\DashboardAdminController->index()
 5 SYSTEMPATH/CodeIgniter.php(497): CodeIgniter\CodeIgniter->runController()
 6 SYSTEMPATH/CodeIgniter.php(340): CodeIgniter\CodeIgniter->handleRequest()
 7 SYSTEMPATH/Boot.php(417): CodeIgniter\CodeIgniter->run()
 8 SYSTEMPATH/Boot.php(68): CodeIgniter\Boot::runCodeIgniter()
 9 FCPATH/index.php(59): CodeIgniter\Boot::bootWeb()
10 SYSTEMPATH/rewrite.php(44): require_once('/home/jeannie/Documents/L2/S4/SI/PROJETS/GestionConge/public/index.php')
CRITICAL - 2026-05-20 06:42:14 --> [Caused by] CodeIgniter\Database\Exceptions\DatabaseException: Unable to prepare statement: no such function: YEAR
in SYSTEMPATH/Database/SQLite3/Connection.php on line 174.
 1 SYSTEMPATH/Database/BaseConnection.php(910): CodeIgniter\Database\SQLite3\Connection->execute()
 2 SYSTEMPATH/Database/BaseConnection.php(827): CodeIgniter\Database\BaseConnection->simpleQuery()
 3 SYSTEMPATH/Database/BaseBuilder.php(1733): CodeIgniter\Database\BaseConnection->query()
 4 APPPATH/Controllers/Admin/DashboardAdminController.php(163): CodeIgniter\Database\BaseBuilder->countAllResults()
 5 APPPATH/Controllers/Admin/DashboardAdminController.php(22): App\Controllers\Admin\DashboardAdminController->buildDashboardData()
 6 SYSTEMPATH/CodeIgniter.php(951): App\Controllers\Admin\DashboardAdminController->index()
 7 SYSTEMPATH/CodeIgniter.php(497): CodeIgniter\CodeIgniter->runController()
 8 SYSTEMPATH/CodeIgniter.php(340): CodeIgniter\CodeIgniter->handleRequest()
 9 SYSTEMPATH/Boot.php(417): CodeIgniter\CodeIgniter->run()
10 SYSTEMPATH/Boot.php(68): CodeIgniter\Boot::runCodeIgniter()
11 FCPATH/index.php(59): CodeIgniter\Boot::bootWeb()
12 SYSTEMPATH/rewrite.php(44): require_once('/home/jeannie/Documents/L2/S4/SI/PROJETS/GestionConge/public/index.php')
CRITICAL - 2026-05-20 06:42:14 --> [Caused by] SQLite3Exception: Unable to prepare statement: no such function: YEAR
in SYSTEMPATH/Database/SQLite3/Connection.php on line 164.
 1 SYSTEMPATH/Database/SQLite3/Connection.php(164): SQLite3->query()
 2 SYSTEMPATH/Database/BaseConnection.php(910): CodeIgniter\Database\SQLite3\Connection->execute()
 3 SYSTEMPATH/Database/BaseConnection.php(827): CodeIgniter\Database\BaseConnection->simpleQuery()
 4 SYSTEMPATH/Database/BaseBuilder.php(1733): CodeIgniter\Database\BaseConnection->query()
 5 APPPATH/Controllers/Admin/DashboardAdminController.php(163): CodeIgniter\Database\BaseBuilder->countAllResults()
 6 APPPATH/Controllers/Admin/DashboardAdminController.php(22): App\Controllers\Admin\DashboardAdminController->buildDashboardData()
 7 SYSTEMPATH/CodeIgniter.php(951): App\Controllers\Admin\DashboardAdminController->index()
 8 SYSTEMPATH/CodeIgniter.php(497): CodeIgniter\CodeIgniter->runController()
 9 SYSTEMPATH/CodeIgniter.php(340): CodeIgniter\CodeIgniter->handleRequest()
10 SYSTEMPATH/Boot.php(417): CodeIgniter\CodeIgniter->run()
11 SYSTEMPATH/Boot.php(68): CodeIgniter\Boot::runCodeIgniter()
12 FCPATH/index.php(59): CodeIgniter\Boot::bootWeb()
13 SYSTEMPATH/rewrite.php(44): require_once('/home/jeannie/Documents/L2/S4/SI/PROJETS/GestionConge/public/index.php')
ERROR - 2026-05-20 06:48:26 --> Unable to prepare statement: no such function: YEAR
in SYSTEMPATH/Database/SQLite3/Connection.php on line 164.
 1 SYSTEMPATH/Database/SQLite3/Connection.php(164): SQLite3->query()
 2 SYSTEMPATH/Database/BaseConnection.php(910): CodeIgniter\Database\SQLite3\Connection->execute()
 3 SYSTEMPATH/Database/BaseConnection.php(827): CodeIgniter\Database\BaseConnection->simpleQuery()
 4 SYSTEMPATH/Database/BaseBuilder.php(1733): CodeIgniter\Database\BaseConnection->query()
 5 APPPATH/Controllers/Admin/DashboardAdminController.php(163): CodeIgniter\Database\BaseBuilder->countAllResults()
 6 APPPATH/Controllers/Admin/DashboardAdminController.php(22): App\Controllers\Admin\DashboardAdminController->buildDashboardData()
 7 SYSTEMPATH/CodeIgniter.php(951): App\Controllers\Admin\DashboardAdminController->index()
 8 SYSTEMPATH/CodeIgniter.php(497): CodeIgniter\CodeIgniter->runController()
 9 SYSTEMPATH/CodeIgniter.php(340): CodeIgniter\CodeIgniter->handleRequest()
10 SYSTEMPATH/Boot.php(417): CodeIgniter\CodeIgniter->run()
11 SYSTEMPATH/Boot.php(68): CodeIgniter\Boot::runCodeIgniter()
12 FCPATH/index.php(59): CodeIgniter\Boot::bootWeb()
13 SYSTEMPATH/rewrite.php(44): require_once('/home/jeannie/Documents/L2/S4/SI/PROJETS/GestionConge/public/index.php')
CRITICAL - 2026-05-20 06:48:26 --> CodeIgniter\Database\Exceptions\DatabaseException: Unable to prepare statement: no such function: YEAR
[Method: GET, Route: admin/dashboard]
in SYSTEMPATH/Database/BaseConnection.php on line 865.
 1 SYSTEMPATH/Database/BaseBuilder.php(1733): CodeIgniter\Database\BaseConnection->query()
 2 APPPATH/Controllers/Admin/DashboardAdminController.php(163): CodeIgniter\Database\BaseBuilder->countAllResults()
 3 APPPATH/Controllers/Admin/DashboardAdminController.php(22): App\Controllers\Admin\DashboardAdminController->buildDashboardData()
 4 SYSTEMPATH/CodeIgniter.php(951): App\Controllers\Admin\DashboardAdminController->index()
 5 SYSTEMPATH/CodeIgniter.php(497): CodeIgniter\CodeIgniter->runController()
 6 SYSTEMPATH/CodeIgniter.php(340): CodeIgniter\CodeIgniter->handleRequest()
 7 SYSTEMPATH/Boot.php(417): CodeIgniter\CodeIgniter->run()
 8 SYSTEMPATH/Boot.php(68): CodeIgniter\Boot::runCodeIgniter()
 9 FCPATH/index.php(59): CodeIgniter\Boot::bootWeb()
10 SYSTEMPATH/rewrite.php(44): require_once('/home/jeannie/Documents/L2/S4/SI/PROJETS/GestionConge/public/index.php')
CRITICAL - 2026-05-20 06:48:26 --> [Caused by] CodeIgniter\Database\Exceptions\DatabaseException: Unable to prepare statement: no such function: YEAR
in SYSTEMPATH/Database/SQLite3/Connection.php on line 174.
 1 SYSTEMPATH/Database/BaseConnection.php(910): CodeIgniter\Database\SQLite3\Connection->execute()
 2 SYSTEMPATH/Database/BaseConnection.php(827): CodeIgniter\Database\BaseConnection->simpleQuery()
 3 SYSTEMPATH/Database/BaseBuilder.php(1733): CodeIgniter\Database\BaseConnection->query()
 4 APPPATH/Controllers/Admin/DashboardAdminController.php(163): CodeIgniter\Database\BaseBuilder->countAllResults()
 5 APPPATH/Controllers/Admin/DashboardAdminController.php(22): App\Controllers\Admin\DashboardAdminController->buildDashboardData()
 6 SYSTEMPATH/CodeIgniter.php(951): App\Controllers\Admin\DashboardAdminController->index()
 7 SYSTEMPATH/CodeIgniter.php(497): CodeIgniter\CodeIgniter->runController()
 8 SYSTEMPATH/CodeIgniter.php(340): CodeIgniter\CodeIgniter->handleRequest()
 9 SYSTEMPATH/Boot.php(417): CodeIgniter\CodeIgniter->run()
10 SYSTEMPATH/Boot.php(68): CodeIgniter\Boot::runCodeIgniter()
11 FCPATH/index.php(59): CodeIgniter\Boot::bootWeb()
12 SYSTEMPATH/rewrite.php(44): require_once('/home/jeannie/Documents/L2/S4/SI/PROJETS/GestionConge/public/index.php')
CRITICAL - 2026-05-20 06:48:26 --> [Caused by] SQLite3Exception: Unable to prepare statement: no such function: YEAR
in SYSTEMPATH/Database/SQLite3/Connection.php on line 164.
 1 SYSTEMPATH/Database/SQLite3/Connection.php(164): SQLite3->query()
 2 SYSTEMPATH/Database/BaseConnection.php(910): CodeIgniter\Database\SQLite3\Connection->execute()
 3 SYSTEMPATH/Database/BaseConnection.php(827): CodeIgniter\Database\BaseConnection->simpleQuery()
 4 SYSTEMPATH/Database/BaseBuilder.php(1733): CodeIgniter\Database\BaseConnection->query()
 5 APPPATH/Controllers/Admin/DashboardAdminController.php(163): CodeIgniter\Database\BaseBuilder->countAllResults()
 6 APPPATH/Controllers/Admin/DashboardAdminController.php(22): App\Controllers\Admin\DashboardAdminController->buildDashboardData()
 7 SYSTEMPATH/CodeIgniter.php(951): App\Controllers\Admin\DashboardAdminController->index()
 8 SYSTEMPATH/CodeIgniter.php(497): CodeIgniter\CodeIgniter->runController()
 9 SYSTEMPATH/CodeIgniter.php(340): CodeIgniter\CodeIgniter->handleRequest()
10 SYSTEMPATH/Boot.php(417): CodeIgniter\CodeIgniter->run()
11 SYSTEMPATH/Boot.php(68): CodeIgniter\Boot::runCodeIgniter()
12 FCPATH/index.php(59): CodeIgniter\Boot::bootWeb()
13 SYSTEMPATH/rewrite.php(44): require_once('/home/jeannie/Documents/L2/S4/SI/PROJETS/GestionConge/public/index.php')
ERROR - 2026-05-20 06:48:26 --> Unable to prepare statement: no such function: YEAR
in SYSTEMPATH/Database/SQLite3/Connection.php on line 164.
 1 SYSTEMPATH/Database/SQLite3/Connection.php(164): SQLite3->query()
 2 SYSTEMPATH/Database/BaseConnection.php(910): CodeIgniter\Database\SQLite3\Connection->execute()
 3 SYSTEMPATH/Database/BaseConnection.php(827): CodeIgniter\Database\BaseConnection->simpleQuery()
 4 SYSTEMPATH/Database/BaseBuilder.php(1733): CodeIgniter\Database\BaseConnection->query()
 5 APPPATH/Controllers/Admin/DashboardAdminController.php(163): CodeIgniter\Database\BaseBuilder->countAllResults()
 6 APPPATH/Controllers/Admin/DashboardAdminController.php(22): App\Controllers\Admin\DashboardAdminController->buildDashboardData()
 7 SYSTEMPATH/CodeIgniter.php(951): App\Controllers\Admin\DashboardAdminController->index()
 8 SYSTEMPATH/CodeIgniter.php(497): CodeIgniter\CodeIgniter->runController()
 9 SYSTEMPATH/CodeIgniter.php(340): CodeIgniter\CodeIgniter->handleRequest()
10 SYSTEMPATH/Boot.php(417): CodeIgniter\CodeIgniter->run()
11 SYSTEMPATH/Boot.php(68): CodeIgniter\Boot::runCodeIgniter()
12 FCPATH/index.php(59): CodeIgniter\Boot::bootWeb()
13 SYSTEMPATH/rewrite.php(44): require_once('/home/jeannie/Documents/L2/S4/SI/PROJETS/GestionConge/public/index.php')
CRITICAL - 2026-05-20 06:48:26 --> CodeIgniter\Database\Exceptions\DatabaseException: Unable to prepare statement: no such function: YEAR
[Method: GET, Route: admin/dashboard]
in SYSTEMPATH/Database/BaseConnection.php on line 865.
 1 SYSTEMPATH/Database/BaseBuilder.php(1733): CodeIgniter\Database\BaseConnection->query()
 2 APPPATH/Controllers/Admin/DashboardAdminController.php(163): CodeIgniter\Database\BaseBuilder->countAllResults()
 3 APPPATH/Controllers/Admin/DashboardAdminController.php(22): App\Controllers\Admin\DashboardAdminController->buildDashboardData()
 4 SYSTEMPATH/CodeIgniter.php(951): App\Controllers\Admin\DashboardAdminController->index()
 5 SYSTEMPATH/CodeIgniter.php(497): CodeIgniter\CodeIgniter->runController()
 6 SYSTEMPATH/CodeIgniter.php(340): CodeIgniter\CodeIgniter->handleRequest()
 7 SYSTEMPATH/Boot.php(417): CodeIgniter\CodeIgniter->run()
 8 SYSTEMPATH/Boot.php(68): CodeIgniter\Boot::runCodeIgniter()
 9 FCPATH/index.php(59): CodeIgniter\Boot::bootWeb()
10 SYSTEMPATH/rewrite.php(44): require_once('/home/jeannie/Documents/L2/S4/SI/PROJETS/GestionConge/public/index.php')
CRITICAL - 2026-05-20 06:48:26 --> [Caused by] CodeIgniter\Database\Exceptions\DatabaseException: Unable to prepare statement: no such function: YEAR
in SYSTEMPATH/Database/SQLite3/Connection.php on line 174.
 1 SYSTEMPATH/Database/BaseConnection.php(910): CodeIgniter\Database\SQLite3\Connection->execute()
 2 SYSTEMPATH/Database/BaseConnection.php(827): CodeIgniter\Database\BaseConnection->simpleQuery()
 3 SYSTEMPATH/Database/BaseBuilder.php(1733): CodeIgniter\Database\BaseConnection->query()
 4 APPPATH/Controllers/Admin/DashboardAdminController.php(163): CodeIgniter\Database\BaseBuilder->countAllResults()
 5 APPPATH/Controllers/Admin/DashboardAdminController.php(22): App\Controllers\Admin\DashboardAdminController->buildDashboardData()
 6 SYSTEMPATH/CodeIgniter.php(951): App\Controllers\Admin\DashboardAdminController->index()
 7 SYSTEMPATH/CodeIgniter.php(497): CodeIgniter\CodeIgniter->runController()
 8 SYSTEMPATH/CodeIgniter.php(340): CodeIgniter\CodeIgniter->handleRequest()
 9 SYSTEMPATH/Boot.php(417): CodeIgniter\CodeIgniter->run()
10 SYSTEMPATH/Boot.php(68): CodeIgniter\Boot::runCodeIgniter()
11 FCPATH/index.php(59): CodeIgniter\Boot::bootWeb()
12 SYSTEMPATH/rewrite.php(44): require_once('/home/jeannie/Documents/L2/S4/SI/PROJETS/GestionConge/public/index.php')
CRITICAL - 2026-05-20 06:48:26 --> [Caused by] SQLite3Exception: Unable to prepare statement: no such function: YEAR
in SYSTEMPATH/Database/SQLite3/Connection.php on line 164.
 1 SYSTEMPATH/Database/SQLite3/Connection.php(164): SQLite3->query()
 2 SYSTEMPATH/Database/BaseConnection.php(910): CodeIgniter\Database\SQLite3\Connection->execute()
 3 SYSTEMPATH/Database/BaseConnection.php(827): CodeIgniter\Database\BaseConnection->simpleQuery()
 4 SYSTEMPATH/Database/BaseBuilder.php(1733): CodeIgniter\Database\BaseConnection->query()
 5 APPPATH/Controllers/Admin/DashboardAdminController.php(163): CodeIgniter\Database\BaseBuilder->countAllResults()
 6 APPPATH/Controllers/Admin/DashboardAdminController.php(22): App\Controllers\Admin\DashboardAdminController->buildDashboardData()
 7 SYSTEMPATH/CodeIgniter.php(951): App\Controllers\Admin\DashboardAdminController->index()
 8 SYSTEMPATH/CodeIgniter.php(497): CodeIgniter\CodeIgniter->runController()
 9 SYSTEMPATH/CodeIgniter.php(340): CodeIgniter\CodeIgniter->handleRequest()
10 SYSTEMPATH/Boot.php(417): CodeIgniter\CodeIgniter->run()
11 SYSTEMPATH/Boot.php(68): CodeIgniter\Boot::runCodeIgniter()
12 FCPATH/index.php(59): CodeIgniter\Boot::bootWeb()
13 SYSTEMPATH/rewrite.php(44): require_once('/home/jeannie/Documents/L2/S4/SI/PROJETS/GestionConge/public/index.php')
ERROR - 2026-05-20 06:48:27 --> Unable to prepare statement: no such function: YEAR
in SYSTEMPATH/Database/SQLite3/Connection.php on line 164.
 1 SYSTEMPATH/Database/SQLite3/Connection.php(164): SQLite3->query()
 2 SYSTEMPATH/Database/BaseConnection.php(910): CodeIgniter\Database\SQLite3\Connection->execute()
 3 SYSTEMPATH/Database/BaseConnection.php(827): CodeIgniter\Database\BaseConnection->simpleQuery()
 4 SYSTEMPATH/Database/BaseBuilder.php(1733): CodeIgniter\Database\BaseConnection->query()
 5 APPPATH/Controllers/Admin/DashboardAdminController.php(163): CodeIgniter\Database\BaseBuilder->countAllResults()
 6 APPPATH/Controllers/Admin/DashboardAdminController.php(22): App\Controllers\Admin\DashboardAdminController->buildDashboardData()
 7 SYSTEMPATH/CodeIgniter.php(951): App\Controllers\Admin\DashboardAdminController->index()
 8 SYSTEMPATH/CodeIgniter.php(497): CodeIgniter\CodeIgniter->runController()
 9 SYSTEMPATH/CodeIgniter.php(340): CodeIgniter\CodeIgniter->handleRequest()
10 SYSTEMPATH/Boot.php(417): CodeIgniter\CodeIgniter->run()
11 SYSTEMPATH/Boot.php(68): CodeIgniter\Boot::runCodeIgniter()
12 FCPATH/index.php(59): CodeIgniter\Boot::bootWeb()
13 SYSTEMPATH/rewrite.php(44): require_once('/home/jeannie/Documents/L2/S4/SI/PROJETS/GestionConge/public/index.php')
CRITICAL - 2026-05-20 06:48:27 --> CodeIgniter\Database\Exceptions\DatabaseException: Unable to prepare statement: no such function: YEAR
[Method: GET, Route: admin/dashboard]
in SYSTEMPATH/Database/BaseConnection.php on line 865.
 1 SYSTEMPATH/Database/BaseBuilder.php(1733): CodeIgniter\Database\BaseConnection->query()
 2 APPPATH/Controllers/Admin/DashboardAdminController.php(163): CodeIgniter\Database\BaseBuilder->countAllResults()
 3 APPPATH/Controllers/Admin/DashboardAdminController.php(22): App\Controllers\Admin\DashboardAdminController->buildDashboardData()
 4 SYSTEMPATH/CodeIgniter.php(951): App\Controllers\Admin\DashboardAdminController->index()
 5 SYSTEMPATH/CodeIgniter.php(497): CodeIgniter\CodeIgniter->runController()
 6 SYSTEMPATH/CodeIgniter.php(340): CodeIgniter\CodeIgniter->handleRequest()
 7 SYSTEMPATH/Boot.php(417): CodeIgniter\CodeIgniter->run()
 8 SYSTEMPATH/Boot.php(68): CodeIgniter\Boot::runCodeIgniter()
 9 FCPATH/index.php(59): CodeIgniter\Boot::bootWeb()
10 SYSTEMPATH/rewrite.php(44): require_once('/home/jeannie/Documents/L2/S4/SI/PROJETS/GestionConge/public/index.php')
CRITICAL - 2026-05-20 06:48:27 --> [Caused by] CodeIgniter\Database\Exceptions\DatabaseException: Unable to prepare statement: no such function: YEAR
in SYSTEMPATH/Database/SQLite3/Connection.php on line 174.
 1 SYSTEMPATH/Database/BaseConnection.php(910): CodeIgniter\Database\SQLite3\Connection->execute()
 2 SYSTEMPATH/Database/BaseConnection.php(827): CodeIgniter\Database\BaseConnection->simpleQuery()
 3 SYSTEMPATH/Database/BaseBuilder.php(1733): CodeIgniter\Database\BaseConnection->query()
 4 APPPATH/Controllers/Admin/DashboardAdminController.php(163): CodeIgniter\Database\BaseBuilder->countAllResults()
 5 APPPATH/Controllers/Admin/DashboardAdminController.php(22): App\Controllers\Admin\DashboardAdminController->buildDashboardData()
 6 SYSTEMPATH/CodeIgniter.php(951): App\Controllers\Admin\DashboardAdminController->index()
 7 SYSTEMPATH/CodeIgniter.php(497): CodeIgniter\CodeIgniter->runController()
 8 SYSTEMPATH/CodeIgniter.php(340): CodeIgniter\CodeIgniter->handleRequest()
 9 SYSTEMPATH/Boot.php(417): CodeIgniter\CodeIgniter->run()
10 SYSTEMPATH/Boot.php(68): CodeIgniter\Boot::runCodeIgniter()
11 FCPATH/index.php(59): CodeIgniter\Boot::bootWeb()
12 SYSTEMPATH/rewrite.php(44): require_once('/home/jeannie/Documents/L2/S4/SI/PROJETS/GestionConge/public/index.php')
CRITICAL - 2026-05-20 06:48:27 --> [Caused by] SQLite3Exception: Unable to prepare statement: no such function: YEAR
in SYSTEMPATH/Database/SQLite3/Connection.php on line 164.
 1 SYSTEMPATH/Database/SQLite3/Connection.php(164): SQLite3->query()
 2 SYSTEMPATH/Database/BaseConnection.php(910): CodeIgniter\Database\SQLite3\Connection->execute()
 3 SYSTEMPATH/Database/BaseConnection.php(827): CodeIgniter\Database\BaseConnection->simpleQuery()
 4 SYSTEMPATH/Database/BaseBuilder.php(1733): CodeIgniter\Database\BaseConnection->query()
 5 APPPATH/Controllers/Admin/DashboardAdminController.php(163): CodeIgniter\Database\BaseBuilder->countAllResults()
 6 APPPATH/Controllers/Admin/DashboardAdminController.php(22): App\Controllers\Admin\DashboardAdminController->buildDashboardData()
 7 SYSTEMPATH/CodeIgniter.php(951): App\Controllers\Admin\DashboardAdminController->index()
 8 SYSTEMPATH/CodeIgniter.php(497): CodeIgniter\CodeIgniter->runController()
 9 SYSTEMPATH/CodeIgniter.php(340): CodeIgniter\CodeIgniter->handleRequest()
10 SYSTEMPATH/Boot.php(417): CodeIgniter\CodeIgniter->run()
11 SYSTEMPATH/Boot.php(68): CodeIgniter\Boot::runCodeIgniter()
12 FCPATH/index.php(59): CodeIgniter\Boot::bootWeb()
13 SYSTEMPATH/rewrite.php(44): require_once('/home/jeannie/Documents/L2/S4/SI/PROJETS/GestionConge/public/index.php')
ERROR - 2026-05-20 06:48:29 --> Unable to prepare statement: no such function: YEAR
in SYSTEMPATH/Database/SQLite3/Connection.php on line 164.
 1 SYSTEMPATH/Database/SQLite3/Connection.php(164): SQLite3->query()
 2 SYSTEMPATH/Database/BaseConnection.php(910): CodeIgniter\Database\SQLite3\Connection->execute()
 3 SYSTEMPATH/Database/BaseConnection.php(827): CodeIgniter\Database\BaseConnection->simpleQuery()
 4 SYSTEMPATH/Database/BaseBuilder.php(1733): CodeIgniter\Database\BaseConnection->query()
 5 APPPATH/Controllers/Admin/DashboardAdminController.php(163): CodeIgniter\Database\BaseBuilder->countAllResults()
 6 APPPATH/Controllers/Admin/DashboardAdminController.php(22): App\Controllers\Admin\DashboardAdminController->buildDashboardData()
 7 SYSTEMPATH/CodeIgniter.php(951): App\Controllers\Admin\DashboardAdminController->index()
 8 SYSTEMPATH/CodeIgniter.php(497): CodeIgniter\CodeIgniter->runController()
 9 SYSTEMPATH/CodeIgniter.php(340): CodeIgniter\CodeIgniter->handleRequest()
10 SYSTEMPATH/Boot.php(417): CodeIgniter\CodeIgniter->run()
11 SYSTEMPATH/Boot.php(68): CodeIgniter\Boot::runCodeIgniter()
12 FCPATH/index.php(59): CodeIgniter\Boot::bootWeb()
13 SYSTEMPATH/rewrite.php(44): require_once('/home/jeannie/Documents/L2/S4/SI/PROJETS/GestionConge/public/index.php')
CRITICAL - 2026-05-20 06:48:29 --> CodeIgniter\Database\Exceptions\DatabaseException: Unable to prepare statement: no such function: YEAR
[Method: GET, Route: admin/dashboard]
in SYSTEMPATH/Database/BaseConnection.php on line 865.
 1 SYSTEMPATH/Database/BaseBuilder.php(1733): CodeIgniter\Database\BaseConnection->query()
 2 APPPATH/Controllers/Admin/DashboardAdminController.php(163): CodeIgniter\Database\BaseBuilder->countAllResults()
 3 APPPATH/Controllers/Admin/DashboardAdminController.php(22): App\Controllers\Admin\DashboardAdminController->buildDashboardData()
 4 SYSTEMPATH/CodeIgniter.php(951): App\Controllers\Admin\DashboardAdminController->index()
 5 SYSTEMPATH/CodeIgniter.php(497): CodeIgniter\CodeIgniter->runController()
 6 SYSTEMPATH/CodeIgniter.php(340): CodeIgniter\CodeIgniter->handleRequest()
 7 SYSTEMPATH/Boot.php(417): CodeIgniter\CodeIgniter->run()
 8 SYSTEMPATH/Boot.php(68): CodeIgniter\Boot::runCodeIgniter()
 9 FCPATH/index.php(59): CodeIgniter\Boot::bootWeb()
10 SYSTEMPATH/rewrite.php(44): require_once('/home/jeannie/Documents/L2/S4/SI/PROJETS/GestionConge/public/index.php')
CRITICAL - 2026-05-20 06:48:29 --> [Caused by] CodeIgniter\Database\Exceptions\DatabaseException: Unable to prepare statement: no such function: YEAR
in SYSTEMPATH/Database/SQLite3/Connection.php on line 174.
 1 SYSTEMPATH/Database/BaseConnection.php(910): CodeIgniter\Database\SQLite3\Connection->execute()
 2 SYSTEMPATH/Database/BaseConnection.php(827): CodeIgniter\Database\BaseConnection->simpleQuery()
 3 SYSTEMPATH/Database/BaseBuilder.php(1733): CodeIgniter\Database\BaseConnection->query()
 4 APPPATH/Controllers/Admin/DashboardAdminController.php(163): CodeIgniter\Database\BaseBuilder->countAllResults()
 5 APPPATH/Controllers/Admin/DashboardAdminController.php(22): App\Controllers\Admin\DashboardAdminController->buildDashboardData()
 6 SYSTEMPATH/CodeIgniter.php(951): App\Controllers\Admin\DashboardAdminController->index()
 7 SYSTEMPATH/CodeIgniter.php(497): CodeIgniter\CodeIgniter->runController()
 8 SYSTEMPATH/CodeIgniter.php(340): CodeIgniter\CodeIgniter->handleRequest()
 9 SYSTEMPATH/Boot.php(417): CodeIgniter\CodeIgniter->run()
10 SYSTEMPATH/Boot.php(68): CodeIgniter\Boot::runCodeIgniter()
11 FCPATH/index.php(59): CodeIgniter\Boot::bootWeb()
12 SYSTEMPATH/rewrite.php(44): require_once('/home/jeannie/Documents/L2/S4/SI/PROJETS/GestionConge/public/index.php')
CRITICAL - 2026-05-20 06:48:29 --> [Caused by] SQLite3Exception: Unable to prepare statement: no such function: YEAR
in SYSTEMPATH/Database/SQLite3/Connection.php on line 164.
 1 SYSTEMPATH/Database/SQLite3/Connection.php(164): SQLite3->query()
 2 SYSTEMPATH/Database/BaseConnection.php(910): CodeIgniter\Database\SQLite3\Connection->execute()
 3 SYSTEMPATH/Database/BaseConnection.php(827): CodeIgniter\Database\BaseConnection->simpleQuery()
 4 SYSTEMPATH/Database/BaseBuilder.php(1733): CodeIgniter\Database\BaseConnection->query()
 5 APPPATH/Controllers/Admin/DashboardAdminController.php(163): CodeIgniter\Database\BaseBuilder->countAllResults()
 6 APPPATH/Controllers/Admin/DashboardAdminController.php(22): App\Controllers\Admin\DashboardAdminController->buildDashboardData()
 7 SYSTEMPATH/CodeIgniter.php(951): App\Controllers\Admin\DashboardAdminController->index()
 8 SYSTEMPATH/CodeIgniter.php(497): CodeIgniter\CodeIgniter->runController()
 9 SYSTEMPATH/CodeIgniter.php(340): CodeIgniter\CodeIgniter->handleRequest()
10 SYSTEMPATH/Boot.php(417): CodeIgniter\CodeIgniter->run()
11 SYSTEMPATH/Boot.php(68): CodeIgniter\Boot::runCodeIgniter()
12 FCPATH/index.php(59): CodeIgniter\Boot::bootWeb()
13 SYSTEMPATH/rewrite.php(44): require_once('/home/jeannie/Documents/L2/S4/SI/PROJETS/GestionConge/public/index.php')
ERROR - 2026-05-20 06:48:31 --> Unable to prepare statement: no such function: YEAR
in SYSTEMPATH/Database/SQLite3/Connection.php on line 164.
 1 SYSTEMPATH/Database/SQLite3/Connection.php(164): SQLite3->query()
 2 SYSTEMPATH/Database/BaseConnection.php(910): CodeIgniter\Database\SQLite3\Connection->execute()
 3 SYSTEMPATH/Database/BaseConnection.php(827): CodeIgniter\Database\BaseConnection->simpleQuery()
 4 SYSTEMPATH/Database/BaseBuilder.php(1733): CodeIgniter\Database\BaseConnection->query()
 5 APPPATH/Controllers/Admin/DashboardAdminController.php(163): CodeIgniter\Database\BaseBuilder->countAllResults()
 6 APPPATH/Controllers/Admin/DashboardAdminController.php(22): App\Controllers\Admin\DashboardAdminController->buildDashboardData()
 7 SYSTEMPATH/CodeIgniter.php(951): App\Controllers\Admin\DashboardAdminController->index()
 8 SYSTEMPATH/CodeIgniter.php(497): CodeIgniter\CodeIgniter->runController()
 9 SYSTEMPATH/CodeIgniter.php(340): CodeIgniter\CodeIgniter->handleRequest()
10 SYSTEMPATH/Boot.php(417): CodeIgniter\CodeIgniter->run()
11 SYSTEMPATH/Boot.php(68): CodeIgniter\Boot::runCodeIgniter()
12 FCPATH/index.php(59): CodeIgniter\Boot::bootWeb()
13 SYSTEMPATH/rewrite.php(44): require_once('/home/jeannie/Documents/L2/S4/SI/PROJETS/GestionConge/public/index.php')
CRITICAL - 2026-05-20 06:48:31 --> CodeIgniter\Database\Exceptions\DatabaseException: Unable to prepare statement: no such function: YEAR
[Method: GET, Route: admin/dashboard]
in SYSTEMPATH/Database/BaseConnection.php on line 865.
 1 SYSTEMPATH/Database/BaseBuilder.php(1733): CodeIgniter\Database\BaseConnection->query()
 2 APPPATH/Controllers/Admin/DashboardAdminController.php(163): CodeIgniter\Database\BaseBuilder->countAllResults()
 3 APPPATH/Controllers/Admin/DashboardAdminController.php(22): App\Controllers\Admin\DashboardAdminController->buildDashboardData()
 4 SYSTEMPATH/CodeIgniter.php(951): App\Controllers\Admin\DashboardAdminController->index()
 5 SYSTEMPATH/CodeIgniter.php(497): CodeIgniter\CodeIgniter->runController()
 6 SYSTEMPATH/CodeIgniter.php(340): CodeIgniter\CodeIgniter->handleRequest()
 7 SYSTEMPATH/Boot.php(417): CodeIgniter\CodeIgniter->run()
 8 SYSTEMPATH/Boot.php(68): CodeIgniter\Boot::runCodeIgniter()
 9 FCPATH/index.php(59): CodeIgniter\Boot::bootWeb()
10 SYSTEMPATH/rewrite.php(44): require_once('/home/jeannie/Documents/L2/S4/SI/PROJETS/GestionConge/public/index.php')
CRITICAL - 2026-05-20 06:48:31 --> [Caused by] CodeIgniter\Database\Exceptions\DatabaseException: Unable to prepare statement: no such function: YEAR
in SYSTEMPATH/Database/SQLite3/Connection.php on line 174.
 1 SYSTEMPATH/Database/BaseConnection.php(910): CodeIgniter\Database\SQLite3\Connection->execute()
 2 SYSTEMPATH/Database/BaseConnection.php(827): CodeIgniter\Database\BaseConnection->simpleQuery()
 3 SYSTEMPATH/Database/BaseBuilder.php(1733): CodeIgniter\Database\BaseConnection->query()
 4 APPPATH/Controllers/Admin/DashboardAdminController.php(163): CodeIgniter\Database\BaseBuilder->countAllResults()
 5 APPPATH/Controllers/Admin/DashboardAdminController.php(22): App\Controllers\Admin\DashboardAdminController->buildDashboardData()
 6 SYSTEMPATH/CodeIgniter.php(951): App\Controllers\Admin\DashboardAdminController->index()
 7 SYSTEMPATH/CodeIgniter.php(497): CodeIgniter\CodeIgniter->runController()
 8 SYSTEMPATH/CodeIgniter.php(340): CodeIgniter\CodeIgniter->handleRequest()
 9 SYSTEMPATH/Boot.php(417): CodeIgniter\CodeIgniter->run()
10 SYSTEMPATH/Boot.php(68): CodeIgniter\Boot::runCodeIgniter()
11 FCPATH/index.php(59): CodeIgniter\Boot::bootWeb()
12 SYSTEMPATH/rewrite.php(44): require_once('/home/jeannie/Documents/L2/S4/SI/PROJETS/GestionConge/public/index.php')
CRITICAL - 2026-05-20 06:48:31 --> [Caused by] SQLite3Exception: Unable to prepare statement: no such function: YEAR
in SYSTEMPATH/Database/SQLite3/Connection.php on line 164.
 1 SYSTEMPATH/Database/SQLite3/Connection.php(164): SQLite3->query()
 2 SYSTEMPATH/Database/BaseConnection.php(910): CodeIgniter\Database\SQLite3\Connection->execute()
 3 SYSTEMPATH/Database/BaseConnection.php(827): CodeIgniter\Database\BaseConnection->simpleQuery()
 4 SYSTEMPATH/Database/BaseBuilder.php(1733): CodeIgniter\Database\BaseConnection->query()
 5 APPPATH/Controllers/Admin/DashboardAdminController.php(163): CodeIgniter\Database\BaseBuilder->countAllResults()
 6 APPPATH/Controllers/Admin/DashboardAdminController.php(22): App\Controllers\Admin\DashboardAdminController->buildDashboardData()
 7 SYSTEMPATH/CodeIgniter.php(951): App\Controllers\Admin\DashboardAdminController->index()
 8 SYSTEMPATH/CodeIgniter.php(497): CodeIgniter\CodeIgniter->runController()
 9 SYSTEMPATH/CodeIgniter.php(340): CodeIgniter\CodeIgniter->handleRequest()
10 SYSTEMPATH/Boot.php(417): CodeIgniter\CodeIgniter->run()
11 SYSTEMPATH/Boot.php(68): CodeIgniter\Boot::runCodeIgniter()
12 FCPATH/index.php(59): CodeIgniter\Boot::bootWeb()
13 SYSTEMPATH/rewrite.php(44): require_once('/home/jeannie/Documents/L2/S4/SI/PROJETS/GestionConge/public/index.php')
ERROR - 2026-05-20 06:48:32 --> Unable to prepare statement: no such function: YEAR
in SYSTEMPATH/Database/SQLite3/Connection.php on line 164.
 1 SYSTEMPATH/Database/SQLite3/Connection.php(164): SQLite3->query()
 2 SYSTEMPATH/Database/BaseConnection.php(910): CodeIgniter\Database\SQLite3\Connection->execute()
 3 SYSTEMPATH/Database/BaseConnection.php(827): CodeIgniter\Database\BaseConnection->simpleQuery()
 4 SYSTEMPATH/Database/BaseBuilder.php(1733): CodeIgniter\Database\BaseConnection->query()
 5 APPPATH/Controllers/Admin/DashboardAdminController.php(163): CodeIgniter\Database\BaseBuilder->countAllResults()
 6 APPPATH/Controllers/Admin/DashboardAdminController.php(22): App\Controllers\Admin\DashboardAdminController->buildDashboardData()
 7 SYSTEMPATH/CodeIgniter.php(951): App\Controllers\Admin\DashboardAdminController->index()
 8 SYSTEMPATH/CodeIgniter.php(497): CodeIgniter\CodeIgniter->runController()
 9 SYSTEMPATH/CodeIgniter.php(340): CodeIgniter\CodeIgniter->handleRequest()
10 SYSTEMPATH/Boot.php(417): CodeIgniter\CodeIgniter->run()
11 SYSTEMPATH/Boot.php(68): CodeIgniter\Boot::runCodeIgniter()
12 FCPATH/index.php(59): CodeIgniter\Boot::bootWeb()
13 SYSTEMPATH/rewrite.php(44): require_once('/home/jeannie/Documents/L2/S4/SI/PROJETS/GestionConge/public/index.php')
CRITICAL - 2026-05-20 06:48:32 --> CodeIgniter\Database\Exceptions\DatabaseException: Unable to prepare statement: no such function: YEAR
[Method: GET, Route: admin/dashboard]
in SYSTEMPATH/Database/BaseConnection.php on line 865.
 1 SYSTEMPATH/Database/BaseBuilder.php(1733): CodeIgniter\Database\BaseConnection->query()
 2 APPPATH/Controllers/Admin/DashboardAdminController.php(163): CodeIgniter\Database\BaseBuilder->countAllResults()
 3 APPPATH/Controllers/Admin/DashboardAdminController.php(22): App\Controllers\Admin\DashboardAdminController->buildDashboardData()
 4 SYSTEMPATH/CodeIgniter.php(951): App\Controllers\Admin\DashboardAdminController->index()
 5 SYSTEMPATH/CodeIgniter.php(497): CodeIgniter\CodeIgniter->runController()
 6 SYSTEMPATH/CodeIgniter.php(340): CodeIgniter\CodeIgniter->handleRequest()
 7 SYSTEMPATH/Boot.php(417): CodeIgniter\CodeIgniter->run()
 8 SYSTEMPATH/Boot.php(68): CodeIgniter\Boot::runCodeIgniter()
 9 FCPATH/index.php(59): CodeIgniter\Boot::bootWeb()
10 SYSTEMPATH/rewrite.php(44): require_once('/home/jeannie/Documents/L2/S4/SI/PROJETS/GestionConge/public/index.php')
CRITICAL - 2026-05-20 06:48:32 --> [Caused by] CodeIgniter\Database\Exceptions\DatabaseException: Unable to prepare statement: no such function: YEAR
in SYSTEMPATH/Database/SQLite3/Connection.php on line 174.
 1 SYSTEMPATH/Database/BaseConnection.php(910): CodeIgniter\Database\SQLite3\Connection->execute()
 2 SYSTEMPATH/Database/BaseConnection.php(827): CodeIgniter\Database\BaseConnection->simpleQuery()
 3 SYSTEMPATH/Database/BaseBuilder.php(1733): CodeIgniter\Database\BaseConnection->query()
 4 APPPATH/Controllers/Admin/DashboardAdminController.php(163): CodeIgniter\Database\BaseBuilder->countAllResults()
 5 APPPATH/Controllers/Admin/DashboardAdminController.php(22): App\Controllers\Admin\DashboardAdminController->buildDashboardData()
 6 SYSTEMPATH/CodeIgniter.php(951): App\Controllers\Admin\DashboardAdminController->index()
 7 SYSTEMPATH/CodeIgniter.php(497): CodeIgniter\CodeIgniter->runController()
 8 SYSTEMPATH/CodeIgniter.php(340): CodeIgniter\CodeIgniter->handleRequest()
 9 SYSTEMPATH/Boot.php(417): CodeIgniter\CodeIgniter->run()
10 SYSTEMPATH/Boot.php(68): CodeIgniter\Boot::runCodeIgniter()
11 FCPATH/index.php(59): CodeIgniter\Boot::bootWeb()
12 SYSTEMPATH/rewrite.php(44): require_once('/home/jeannie/Documents/L2/S4/SI/PROJETS/GestionConge/public/index.php')
CRITICAL - 2026-05-20 06:48:32 --> [Caused by] SQLite3Exception: Unable to prepare statement: no such function: YEAR
in SYSTEMPATH/Database/SQLite3/Connection.php on line 164.
 1 SYSTEMPATH/Database/SQLite3/Connection.php(164): SQLite3->query()
 2 SYSTEMPATH/Database/BaseConnection.php(910): CodeIgniter\Database\SQLite3\Connection->execute()
 3 SYSTEMPATH/Database/BaseConnection.php(827): CodeIgniter\Database\BaseConnection->simpleQuery()
 4 SYSTEMPATH/Database/BaseBuilder.php(1733): CodeIgniter\Database\BaseConnection->query()
 5 APPPATH/Controllers/Admin/DashboardAdminController.php(163): CodeIgniter\Database\BaseBuilder->countAllResults()
 6 APPPATH/Controllers/Admin/DashboardAdminController.php(22): App\Controllers\Admin\DashboardAdminController->buildDashboardData()
 7 SYSTEMPATH/CodeIgniter.php(951): App\Controllers\Admin\DashboardAdminController->index()
 8 SYSTEMPATH/CodeIgniter.php(497): CodeIgniter\CodeIgniter->runController()
 9 SYSTEMPATH/CodeIgniter.php(340): CodeIgniter\CodeIgniter->handleRequest()
10 SYSTEMPATH/Boot.php(417): CodeIgniter\CodeIgniter->run()
11 SYSTEMPATH/Boot.php(68): CodeIgniter\Boot::runCodeIgniter()
12 FCPATH/index.php(59): CodeIgniter\Boot::bootWeb()
13 SYSTEMPATH/rewrite.php(44): require_once('/home/jeannie/Documents/L2/S4/SI/PROJETS/GestionConge/public/index.php')
ERROR - 2026-05-20 06:48:32 --> Unable to prepare statement: no such function: YEAR
in SYSTEMPATH/Database/SQLite3/Connection.php on line 164.
 1 SYSTEMPATH/Database/SQLite3/Connection.php(164): SQLite3->query()
 2 SYSTEMPATH/Database/BaseConnection.php(910): CodeIgniter\Database\SQLite3\Connection->execute()
 3 SYSTEMPATH/Database/BaseConnection.php(827): CodeIgniter\Database\BaseConnection->simpleQuery()
 4 SYSTEMPATH/Database/BaseBuilder.php(1733): CodeIgniter\Database\BaseConnection->query()
 5 APPPATH/Controllers/Admin/DashboardAdminController.php(163): CodeIgniter\Database\BaseBuilder->countAllResults()
 6 APPPATH/Controllers/Admin/DashboardAdminController.php(22): App\Controllers\Admin\DashboardAdminController->buildDashboardData()
 7 SYSTEMPATH/CodeIgniter.php(951): App\Controllers\Admin\DashboardAdminController->index()
 8 SYSTEMPATH/CodeIgniter.php(497): CodeIgniter\CodeIgniter->runController()
 9 SYSTEMPATH/CodeIgniter.php(340): CodeIgniter\CodeIgniter->handleRequest()
10 SYSTEMPATH/Boot.php(417): CodeIgniter\CodeIgniter->run()
11 SYSTEMPATH/Boot.php(68): CodeIgniter\Boot::runCodeIgniter()
12 FCPATH/index.php(59): CodeIgniter\Boot::bootWeb()
13 SYSTEMPATH/rewrite.php(44): require_once('/home/jeannie/Documents/L2/S4/SI/PROJETS/GestionConge/public/index.php')
CRITICAL - 2026-05-20 06:48:32 --> CodeIgniter\Database\Exceptions\DatabaseException: Unable to prepare statement: no such function: YEAR
[Method: GET, Route: admin/dashboard]
in SYSTEMPATH/Database/BaseConnection.php on line 865.
 1 SYSTEMPATH/Database/BaseBuilder.php(1733): CodeIgniter\Database\BaseConnection->query()
 2 APPPATH/Controllers/Admin/DashboardAdminController.php(163): CodeIgniter\Database\BaseBuilder->countAllResults()
 3 APPPATH/Controllers/Admin/DashboardAdminController.php(22): App\Controllers\Admin\DashboardAdminController->buildDashboardData()
 4 SYSTEMPATH/CodeIgniter.php(951): App\Controllers\Admin\DashboardAdminController->index()
 5 SYSTEMPATH/CodeIgniter.php(497): CodeIgniter\CodeIgniter->runController()
 6 SYSTEMPATH/CodeIgniter.php(340): CodeIgniter\CodeIgniter->handleRequest()
 7 SYSTEMPATH/Boot.php(417): CodeIgniter\CodeIgniter->run()
 8 SYSTEMPATH/Boot.php(68): CodeIgniter\Boot::runCodeIgniter()
 9 FCPATH/index.php(59): CodeIgniter\Boot::bootWeb()
10 SYSTEMPATH/rewrite.php(44): require_once('/home/jeannie/Documents/L2/S4/SI/PROJETS/GestionConge/public/index.php')
CRITICAL - 2026-05-20 06:48:32 --> [Caused by] CodeIgniter\Database\Exceptions\DatabaseException: Unable to prepare statement: no such function: YEAR
in SYSTEMPATH/Database/SQLite3/Connection.php on line 174.
 1 SYSTEMPATH/Database/BaseConnection.php(910): CodeIgniter\Database\SQLite3\Connection->execute()
 2 SYSTEMPATH/Database/BaseConnection.php(827): CodeIgniter\Database\BaseConnection->simpleQuery()
 3 SYSTEMPATH/Database/BaseBuilder.php(1733): CodeIgniter\Database\BaseConnection->query()
 4 APPPATH/Controllers/Admin/DashboardAdminController.php(163): CodeIgniter\Database\BaseBuilder->countAllResults()
 5 APPPATH/Controllers/Admin/DashboardAdminController.php(22): App\Controllers\Admin\DashboardAdminController->buildDashboardData()
 6 SYSTEMPATH/CodeIgniter.php(951): App\Controllers\Admin\DashboardAdminController->index()
 7 SYSTEMPATH/CodeIgniter.php(497): CodeIgniter\CodeIgniter->runController()
 8 SYSTEMPATH/CodeIgniter.php(340): CodeIgniter\CodeIgniter->handleRequest()
 9 SYSTEMPATH/Boot.php(417): CodeIgniter\CodeIgniter->run()
10 SYSTEMPATH/Boot.php(68): CodeIgniter\Boot::runCodeIgniter()
11 FCPATH/index.php(59): CodeIgniter\Boot::bootWeb()
12 SYSTEMPATH/rewrite.php(44): require_once('/home/jeannie/Documents/L2/S4/SI/PROJETS/GestionConge/public/index.php')
CRITICAL - 2026-05-20 06:48:32 --> [Caused by] SQLite3Exception: Unable to prepare statement: no such function: YEAR
in SYSTEMPATH/Database/SQLite3/Connection.php on line 164.
 1 SYSTEMPATH/Database/SQLite3/Connection.php(164): SQLite3->query()
 2 SYSTEMPATH/Database/BaseConnection.php(910): CodeIgniter\Database\SQLite3\Connection->execute()
 3 SYSTEMPATH/Database/BaseConnection.php(827): CodeIgniter\Database\BaseConnection->simpleQuery()
 4 SYSTEMPATH/Database/BaseBuilder.php(1733): CodeIgniter\Database\BaseConnection->query()
 5 APPPATH/Controllers/Admin/DashboardAdminController.php(163): CodeIgniter\Database\BaseBuilder->countAllResults()
 6 APPPATH/Controllers/Admin/DashboardAdminController.php(22): App\Controllers\Admin\DashboardAdminController->buildDashboardData()
 7 SYSTEMPATH/CodeIgniter.php(951): App\Controllers\Admin\DashboardAdminController->index()
 8 SYSTEMPATH/CodeIgniter.php(497): CodeIgniter\CodeIgniter->runController()
 9 SYSTEMPATH/CodeIgniter.php(340): CodeIgniter\CodeIgniter->handleRequest()
10 SYSTEMPATH/Boot.php(417): CodeIgniter\CodeIgniter->run()
11 SYSTEMPATH/Boot.php(68): CodeIgniter\Boot::runCodeIgniter()
12 FCPATH/index.php(59): CodeIgniter\Boot::bootWeb()
13 SYSTEMPATH/rewrite.php(44): require_once('/home/jeannie/Documents/L2/S4/SI/PROJETS/GestionConge/public/index.php')
ERROR - 2026-05-20 06:48:32 --> Unable to prepare statement: no such function: YEAR
in SYSTEMPATH/Database/SQLite3/Connection.php on line 164.
 1 SYSTEMPATH/Database/SQLite3/Connection.php(164): SQLite3->query()
 2 SYSTEMPATH/Database/BaseConnection.php(910): CodeIgniter\Database\SQLite3\Connection->execute()
 3 SYSTEMPATH/Database/BaseConnection.php(827): CodeIgniter\Database\BaseConnection->simpleQuery()
 4 SYSTEMPATH/Database/BaseBuilder.php(1733): CodeIgniter\Database\BaseConnection->query()
 5 APPPATH/Controllers/Admin/DashboardAdminController.php(163): CodeIgniter\Database\BaseBuilder->countAllResults()
 6 APPPATH/Controllers/Admin/DashboardAdminController.php(22): App\Controllers\Admin\DashboardAdminController->buildDashboardData()
 7 SYSTEMPATH/CodeIgniter.php(951): App\Controllers\Admin\DashboardAdminController->index()
 8 SYSTEMPATH/CodeIgniter.php(497): CodeIgniter\CodeIgniter->runController()
 9 SYSTEMPATH/CodeIgniter.php(340): CodeIgniter\CodeIgniter->handleRequest()
10 SYSTEMPATH/Boot.php(417): CodeIgniter\CodeIgniter->run()
11 SYSTEMPATH/Boot.php(68): CodeIgniter\Boot::runCodeIgniter()
12 FCPATH/index.php(59): CodeIgniter\Boot::bootWeb()
13 SYSTEMPATH/rewrite.php(44): require_once('/home/jeannie/Documents/L2/S4/SI/PROJETS/GestionConge/public/index.php')
CRITICAL - 2026-05-20 06:48:32 --> CodeIgniter\Database\Exceptions\DatabaseException: Unable to prepare statement: no such function: YEAR
[Method: GET, Route: admin/dashboard]
in SYSTEMPATH/Database/BaseConnection.php on line 865.
 1 SYSTEMPATH/Database/BaseBuilder.php(1733): CodeIgniter\Database\BaseConnection->query()
 2 APPPATH/Controllers/Admin/DashboardAdminController.php(163): CodeIgniter\Database\BaseBuilder->countAllResults()
 3 APPPATH/Controllers/Admin/DashboardAdminController.php(22): App\Controllers\Admin\DashboardAdminController->buildDashboardData()
 4 SYSTEMPATH/CodeIgniter.php(951): App\Controllers\Admin\DashboardAdminController->index()
 5 SYSTEMPATH/CodeIgniter.php(497): CodeIgniter\CodeIgniter->runController()
 6 SYSTEMPATH/CodeIgniter.php(340): CodeIgniter\CodeIgniter->handleRequest()
 7 SYSTEMPATH/Boot.php(417): CodeIgniter\CodeIgniter->run()
 8 SYSTEMPATH/Boot.php(68): CodeIgniter\Boot::runCodeIgniter()
 9 FCPATH/index.php(59): CodeIgniter\Boot::bootWeb()
10 SYSTEMPATH/rewrite.php(44): require_once('/home/jeannie/Documents/L2/S4/SI/PROJETS/GestionConge/public/index.php')
CRITICAL - 2026-05-20 06:48:32 --> [Caused by] CodeIgniter\Database\Exceptions\DatabaseException: Unable to prepare statement: no such function: YEAR
in SYSTEMPATH/Database/SQLite3/Connection.php on line 174.
 1 SYSTEMPATH/Database/BaseConnection.php(910): CodeIgniter\Database\SQLite3\Connection->execute()
 2 SYSTEMPATH/Database/BaseConnection.php(827): CodeIgniter\Database\BaseConnection->simpleQuery()
 3 SYSTEMPATH/Database/BaseBuilder.php(1733): CodeIgniter\Database\BaseConnection->query()
 4 APPPATH/Controllers/Admin/DashboardAdminController.php(163): CodeIgniter\Database\BaseBuilder->countAllResults()
 5 APPPATH/Controllers/Admin/DashboardAdminController.php(22): App\Controllers\Admin\DashboardAdminController->buildDashboardData()
 6 SYSTEMPATH/CodeIgniter.php(951): App\Controllers\Admin\DashboardAdminController->index()
 7 SYSTEMPATH/CodeIgniter.php(497): CodeIgniter\CodeIgniter->runController()
 8 SYSTEMPATH/CodeIgniter.php(340): CodeIgniter\CodeIgniter->handleRequest()
 9 SYSTEMPATH/Boot.php(417): CodeIgniter\CodeIgniter->run()
10 SYSTEMPATH/Boot.php(68): CodeIgniter\Boot::runCodeIgniter()
11 FCPATH/index.php(59): CodeIgniter\Boot::bootWeb()
12 SYSTEMPATH/rewrite.php(44): require_once('/home/jeannie/Documents/L2/S4/SI/PROJETS/GestionConge/public/index.php')
CRITICAL - 2026-05-20 06:48:32 --> [Caused by] SQLite3Exception: Unable to prepare statement: no such function: YEAR
in SYSTEMPATH/Database/SQLite3/Connection.php on line 164.
 1 SYSTEMPATH/Database/SQLite3/Connection.php(164): SQLite3->query()
 2 SYSTEMPATH/Database/BaseConnection.php(910): CodeIgniter\Database\SQLite3\Connection->execute()
 3 SYSTEMPATH/Database/BaseConnection.php(827): CodeIgniter\Database\BaseConnection->simpleQuery()
 4 SYSTEMPATH/Database/BaseBuilder.php(1733): CodeIgniter\Database\BaseConnection->query()
 5 APPPATH/Controllers/Admin/DashboardAdminController.php(163): CodeIgniter\Database\BaseBuilder->countAllResults()
 6 APPPATH/Controllers/Admin/DashboardAdminController.php(22): App\Controllers\Admin\DashboardAdminController->buildDashboardData()
 7 SYSTEMPATH/CodeIgniter.php(951): App\Controllers\Admin\DashboardAdminController->index()
 8 SYSTEMPATH/CodeIgniter.php(497): CodeIgniter\CodeIgniter->runController()
 9 SYSTEMPATH/CodeIgniter.php(340): CodeIgniter\CodeIgniter->handleRequest()
10 SYSTEMPATH/Boot.php(417): CodeIgniter\CodeIgniter->run()
11 SYSTEMPATH/Boot.php(68): CodeIgniter\Boot::runCodeIgniter()
12 FCPATH/index.php(59): CodeIgniter\Boot::bootWeb()
13 SYSTEMPATH/rewrite.php(44): require_once('/home/jeannie/Documents/L2/S4/SI/PROJETS/GestionConge/public/index.php')
ERROR - 2026-05-20 06:48:32 --> Unable to prepare statement: no such function: YEAR
in SYSTEMPATH/Database/SQLite3/Connection.php on line 164.
 1 SYSTEMPATH/Database/SQLite3/Connection.php(164): SQLite3->query()
 2 SYSTEMPATH/Database/BaseConnection.php(910): CodeIgniter\Database\SQLite3\Connection->execute()
 3 SYSTEMPATH/Database/BaseConnection.php(827): CodeIgniter\Database\BaseConnection->simpleQuery()
 4 SYSTEMPATH/Database/BaseBuilder.php(1733): CodeIgniter\Database\BaseConnection->query()
 5 APPPATH/Controllers/Admin/DashboardAdminController.php(163): CodeIgniter\Database\BaseBuilder->countAllResults()
 6 APPPATH/Controllers/Admin/DashboardAdminController.php(22): App\Controllers\Admin\DashboardAdminController->buildDashboardData()
 7 SYSTEMPATH/CodeIgniter.php(951): App\Controllers\Admin\DashboardAdminController->index()
 8 SYSTEMPATH/CodeIgniter.php(497): CodeIgniter\CodeIgniter->runController()
 9 SYSTEMPATH/CodeIgniter.php(340): CodeIgniter\CodeIgniter->handleRequest()
10 SYSTEMPATH/Boot.php(417): CodeIgniter\CodeIgniter->run()
11 SYSTEMPATH/Boot.php(68): CodeIgniter\Boot::runCodeIgniter()
12 FCPATH/index.php(59): CodeIgniter\Boot::bootWeb()
13 SYSTEMPATH/rewrite.php(44): require_once('/home/jeannie/Documents/L2/S4/SI/PROJETS/GestionConge/public/index.php')
CRITICAL - 2026-05-20 06:48:32 --> CodeIgniter\Database\Exceptions\DatabaseException: Unable to prepare statement: no such function: YEAR
[Method: GET, Route: admin/dashboard]
in SYSTEMPATH/Database/BaseConnection.php on line 865.
 1 SYSTEMPATH/Database/BaseBuilder.php(1733): CodeIgniter\Database\BaseConnection->query()
 2 APPPATH/Controllers/Admin/DashboardAdminController.php(163): CodeIgniter\Database\BaseBuilder->countAllResults()
 3 APPPATH/Controllers/Admin/DashboardAdminController.php(22): App\Controllers\Admin\DashboardAdminController->buildDashboardData()
 4 SYSTEMPATH/CodeIgniter.php(951): App\Controllers\Admin\DashboardAdminController->index()
 5 SYSTEMPATH/CodeIgniter.php(497): CodeIgniter\CodeIgniter->runController()
 6 SYSTEMPATH/CodeIgniter.php(340): CodeIgniter\CodeIgniter->handleRequest()
 7 SYSTEMPATH/Boot.php(417): CodeIgniter\CodeIgniter->run()
 8 SYSTEMPATH/Boot.php(68): CodeIgniter\Boot::runCodeIgniter()
 9 FCPATH/index.php(59): CodeIgniter\Boot::bootWeb()
10 SYSTEMPATH/rewrite.php(44): require_once('/home/jeannie/Documents/L2/S4/SI/PROJETS/GestionConge/public/index.php')
CRITICAL - 2026-05-20 06:48:32 --> [Caused by] CodeIgniter\Database\Exceptions\DatabaseException: Unable to prepare statement: no such function: YEAR
in SYSTEMPATH/Database/SQLite3/Connection.php on line 174.
 1 SYSTEMPATH/Database/BaseConnection.php(910): CodeIgniter\Database\SQLite3\Connection->execute()
 2 SYSTEMPATH/Database/BaseConnection.php(827): CodeIgniter\Database\BaseConnection->simpleQuery()
 3 SYSTEMPATH/Database/BaseBuilder.php(1733): CodeIgniter\Database\BaseConnection->query()
 4 APPPATH/Controllers/Admin/DashboardAdminController.php(163): CodeIgniter\Database\BaseBuilder->countAllResults()
 5 APPPATH/Controllers/Admin/DashboardAdminController.php(22): App\Controllers\Admin\DashboardAdminController->buildDashboardData()
 6 SYSTEMPATH/CodeIgniter.php(951): App\Controllers\Admin\DashboardAdminController->index()
 7 SYSTEMPATH/CodeIgniter.php(497): CodeIgniter\CodeIgniter->runController()
 8 SYSTEMPATH/CodeIgniter.php(340): CodeIgniter\CodeIgniter->handleRequest()
 9 SYSTEMPATH/Boot.php(417): CodeIgniter\CodeIgniter->run()
10 SYSTEMPATH/Boot.php(68): CodeIgniter\Boot::runCodeIgniter()
11 FCPATH/index.php(59): CodeIgniter\Boot::bootWeb()
12 SYSTEMPATH/rewrite.php(44): require_once('/home/jeannie/Documents/L2/S4/SI/PROJETS/GestionConge/public/index.php')
CRITICAL - 2026-05-20 06:48:32 --> [Caused by] SQLite3Exception: Unable to prepare statement: no such function: YEAR
in SYSTEMPATH/Database/SQLite3/Connection.php on line 164.
 1 SYSTEMPATH/Database/SQLite3/Connection.php(164): SQLite3->query()
 2 SYSTEMPATH/Database/BaseConnection.php(910): CodeIgniter\Database\SQLite3\Connection->execute()
 3 SYSTEMPATH/Database/BaseConnection.php(827): CodeIgniter\Database\BaseConnection->simpleQuery()
 4 SYSTEMPATH/Database/BaseBuilder.php(1733): CodeIgniter\Database\BaseConnection->query()
 5 APPPATH/Controllers/Admin/DashboardAdminController.php(163): CodeIgniter\Database\BaseBuilder->countAllResults()
 6 APPPATH/Controllers/Admin/DashboardAdminController.php(22): App\Controllers\Admin\DashboardAdminController->buildDashboardData()
 7 SYSTEMPATH/CodeIgniter.php(951): App\Controllers\Admin\DashboardAdminController->index()
 8 SYSTEMPATH/CodeIgniter.php(497): CodeIgniter\CodeIgniter->runController()
 9 SYSTEMPATH/CodeIgniter.php(340): CodeIgniter\CodeIgniter->handleRequest()
10 SYSTEMPATH/Boot.php(417): CodeIgniter\CodeIgniter->run()
11 SYSTEMPATH/Boot.php(68): CodeIgniter\Boot::runCodeIgniter()
12 FCPATH/index.php(59): CodeIgniter\Boot::bootWeb()
13 SYSTEMPATH/rewrite.php(44): require_once('/home/jeannie/Documents/L2/S4/SI/PROJETS/GestionConge/public/index.php')
ERROR - 2026-05-20 06:48:32 --> Unable to prepare statement: no such function: YEAR
in SYSTEMPATH/Database/SQLite3/Connection.php on line 164.
 1 SYSTEMPATH/Database/SQLite3/Connection.php(164): SQLite3->query()
 2 SYSTEMPATH/Database/BaseConnection.php(910): CodeIgniter\Database\SQLite3\Connection->execute()
 3 SYSTEMPATH/Database/BaseConnection.php(827): CodeIgniter\Database\BaseConnection->simpleQuery()
 4 SYSTEMPATH/Database/BaseBuilder.php(1733): CodeIgniter\Database\BaseConnection->query()
 5 APPPATH/Controllers/Admin/DashboardAdminController.php(163): CodeIgniter\Database\BaseBuilder->countAllResults()
 6 APPPATH/Controllers/Admin/DashboardAdminController.php(22): App\Controllers\Admin\DashboardAdminController->buildDashboardData()
 7 SYSTEMPATH/CodeIgniter.php(951): App\Controllers\Admin\DashboardAdminController->index()
 8 SYSTEMPATH/CodeIgniter.php(497): CodeIgniter\CodeIgniter->runController()
 9 SYSTEMPATH/CodeIgniter.php(340): CodeIgniter\CodeIgniter->handleRequest()
10 SYSTEMPATH/Boot.php(417): CodeIgniter\CodeIgniter->run()
11 SYSTEMPATH/Boot.php(68): CodeIgniter\Boot::runCodeIgniter()
12 FCPATH/index.php(59): CodeIgniter\Boot::bootWeb()
13 SYSTEMPATH/rewrite.php(44): require_once('/home/jeannie/Documents/L2/S4/SI/PROJETS/GestionConge/public/index.php')
CRITICAL - 2026-05-20 06:48:32 --> CodeIgniter\Database\Exceptions\DatabaseException: Unable to prepare statement: no such function: YEAR
[Method: GET, Route: admin/dashboard]
in SYSTEMPATH/Database/BaseConnection.php on line 865.
 1 SYSTEMPATH/Database/BaseBuilder.php(1733): CodeIgniter\Database\BaseConnection->query()
 2 APPPATH/Controllers/Admin/DashboardAdminController.php(163): CodeIgniter\Database\BaseBuilder->countAllResults()
 3 APPPATH/Controllers/Admin/DashboardAdminController.php(22): App\Controllers\Admin\DashboardAdminController->buildDashboardData()
 4 SYSTEMPATH/CodeIgniter.php(951): App\Controllers\Admin\DashboardAdminController->index()
 5 SYSTEMPATH/CodeIgniter.php(497): CodeIgniter\CodeIgniter->runController()
 6 SYSTEMPATH/CodeIgniter.php(340): CodeIgniter\CodeIgniter->handleRequest()
 7 SYSTEMPATH/Boot.php(417): CodeIgniter\CodeIgniter->run()
 8 SYSTEMPATH/Boot.php(68): CodeIgniter\Boot::runCodeIgniter()
 9 FCPATH/index.php(59): CodeIgniter\Boot::bootWeb()
10 SYSTEMPATH/rewrite.php(44): require_once('/home/jeannie/Documents/L2/S4/SI/PROJETS/GestionConge/public/index.php')
CRITICAL - 2026-05-20 06:48:32 --> [Caused by] CodeIgniter\Database\Exceptions\DatabaseException: Unable to prepare statement: no such function: YEAR
in SYSTEMPATH/Database/SQLite3/Connection.php on line 174.
 1 SYSTEMPATH/Database/BaseConnection.php(910): CodeIgniter\Database\SQLite3\Connection->execute()
 2 SYSTEMPATH/Database/BaseConnection.php(827): CodeIgniter\Database\BaseConnection->simpleQuery()
 3 SYSTEMPATH/Database/BaseBuilder.php(1733): CodeIgniter\Database\BaseConnection->query()
 4 APPPATH/Controllers/Admin/DashboardAdminController.php(163): CodeIgniter\Database\BaseBuilder->countAllResults()
 5 APPPATH/Controllers/Admin/DashboardAdminController.php(22): App\Controllers\Admin\DashboardAdminController->buildDashboardData()
 6 SYSTEMPATH/CodeIgniter.php(951): App\Controllers\Admin\DashboardAdminController->index()
 7 SYSTEMPATH/CodeIgniter.php(497): CodeIgniter\CodeIgniter->runController()
 8 SYSTEMPATH/CodeIgniter.php(340): CodeIgniter\CodeIgniter->handleRequest()
 9 SYSTEMPATH/Boot.php(417): CodeIgniter\CodeIgniter->run()
10 SYSTEMPATH/Boot.php(68): CodeIgniter\Boot::runCodeIgniter()
11 FCPATH/index.php(59): CodeIgniter\Boot::bootWeb()
12 SYSTEMPATH/rewrite.php(44): require_once('/home/jeannie/Documents/L2/S4/SI/PROJETS/GestionConge/public/index.php')
CRITICAL - 2026-05-20 06:48:32 --> [Caused by] SQLite3Exception: Unable to prepare statement: no such function: YEAR
in SYSTEMPATH/Database/SQLite3/Connection.php on line 164.
 1 SYSTEMPATH/Database/SQLite3/Connection.php(164): SQLite3->query()
 2 SYSTEMPATH/Database/BaseConnection.php(910): CodeIgniter\Database\SQLite3\Connection->execute()
 3 SYSTEMPATH/Database/BaseConnection.php(827): CodeIgniter\Database\BaseConnection->simpleQuery()
 4 SYSTEMPATH/Database/BaseBuilder.php(1733): CodeIgniter\Database\BaseConnection->query()
 5 APPPATH/Controllers/Admin/DashboardAdminController.php(163): CodeIgniter\Database\BaseBuilder->countAllResults()
 6 APPPATH/Controllers/Admin/DashboardAdminController.php(22): App\Controllers\Admin\DashboardAdminController->buildDashboardData()
 7 SYSTEMPATH/CodeIgniter.php(951): App\Controllers\Admin\DashboardAdminController->index()
 8 SYSTEMPATH/CodeIgniter.php(497): CodeIgniter\CodeIgniter->runController()
 9 SYSTEMPATH/CodeIgniter.php(340): CodeIgniter\CodeIgniter->handleRequest()
10 SYSTEMPATH/Boot.php(417): CodeIgniter\CodeIgniter->run()
11 SYSTEMPATH/Boot.php(68): CodeIgniter\Boot::runCodeIgniter()
12 FCPATH/index.php(59): CodeIgniter\Boot::bootWeb()
13 SYSTEMPATH/rewrite.php(44): require_once('/home/jeannie/Documents/L2/S4/SI/PROJETS/GestionConge/public/index.php')
ERROR - 2026-05-20 06:48:32 --> Unable to prepare statement: no such function: YEAR
in SYSTEMPATH/Database/SQLite3/Connection.php on line 164.
 1 SYSTEMPATH/Database/SQLite3/Connection.php(164): SQLite3->query()
 2 SYSTEMPATH/Database/BaseConnection.php(910): CodeIgniter\Database\SQLite3\Connection->execute()
 3 SYSTEMPATH/Database/BaseConnection.php(827): CodeIgniter\Database\BaseConnection->simpleQuery()
 4 SYSTEMPATH/Database/BaseBuilder.php(1733): CodeIgniter\Database\BaseConnection->query()
 5 APPPATH/Controllers/Admin/DashboardAdminController.php(163): CodeIgniter\Database\BaseBuilder->countAllResults()
 6 APPPATH/Controllers/Admin/DashboardAdminController.php(22): App\Controllers\Admin\DashboardAdminController->buildDashboardData()
 7 SYSTEMPATH/CodeIgniter.php(951): App\Controllers\Admin\DashboardAdminController->index()
 8 SYSTEMPATH/CodeIgniter.php(497): CodeIgniter\CodeIgniter->runController()
 9 SYSTEMPATH/CodeIgniter.php(340): CodeIgniter\CodeIgniter->handleRequest()
10 SYSTEMPATH/Boot.php(417): CodeIgniter\CodeIgniter->run()
11 SYSTEMPATH/Boot.php(68): CodeIgniter\Boot::runCodeIgniter()
12 FCPATH/index.php(59): CodeIgniter\Boot::bootWeb()
13 SYSTEMPATH/rewrite.php(44): require_once('/home/jeannie/Documents/L2/S4/SI/PROJETS/GestionConge/public/index.php')
CRITICAL - 2026-05-20 06:48:32 --> CodeIgniter\Database\Exceptions\DatabaseException: Unable to prepare statement: no such function: YEAR
[Method: GET, Route: admin/dashboard]
in SYSTEMPATH/Database/BaseConnection.php on line 865.
 1 SYSTEMPATH/Database/BaseBuilder.php(1733): CodeIgniter\Database\BaseConnection->query()
 2 APPPATH/Controllers/Admin/DashboardAdminController.php(163): CodeIgniter\Database\BaseBuilder->countAllResults()
 3 APPPATH/Controllers/Admin/DashboardAdminController.php(22): App\Controllers\Admin\DashboardAdminController->buildDashboardData()
 4 SYSTEMPATH/CodeIgniter.php(951): App\Controllers\Admin\DashboardAdminController->index()
 5 SYSTEMPATH/CodeIgniter.php(497): CodeIgniter\CodeIgniter->runController()
 6 SYSTEMPATH/CodeIgniter.php(340): CodeIgniter\CodeIgniter->handleRequest()
 7 SYSTEMPATH/Boot.php(417): CodeIgniter\CodeIgniter->run()
 8 SYSTEMPATH/Boot.php(68): CodeIgniter\Boot::runCodeIgniter()
 9 FCPATH/index.php(59): CodeIgniter\Boot::bootWeb()
10 SYSTEMPATH/rewrite.php(44): require_once('/home/jeannie/Documents/L2/S4/SI/PROJETS/GestionConge/public/index.php')
CRITICAL - 2026-05-20 06:48:32 --> [Caused by] CodeIgniter\Database\Exceptions\DatabaseException: Unable to prepare statement: no such function: YEAR
in SYSTEMPATH/Database/SQLite3/Connection.php on line 174.
 1 SYSTEMPATH/Database/BaseConnection.php(910): CodeIgniter\Database\SQLite3\Connection->execute()
 2 SYSTEMPATH/Database/BaseConnection.php(827): CodeIgniter\Database\BaseConnection->simpleQuery()
 3 SYSTEMPATH/Database/BaseBuilder.php(1733): CodeIgniter\Database\BaseConnection->query()
 4 APPPATH/Controllers/Admin/DashboardAdminController.php(163): CodeIgniter\Database\BaseBuilder->countAllResults()
 5 APPPATH/Controllers/Admin/DashboardAdminController.php(22): App\Controllers\Admin\DashboardAdminController->buildDashboardData()
 6 SYSTEMPATH/CodeIgniter.php(951): App\Controllers\Admin\DashboardAdminController->index()
 7 SYSTEMPATH/CodeIgniter.php(497): CodeIgniter\CodeIgniter->runController()
 8 SYSTEMPATH/CodeIgniter.php(340): CodeIgniter\CodeIgniter->handleRequest()
 9 SYSTEMPATH/Boot.php(417): CodeIgniter\CodeIgniter->run()
10 SYSTEMPATH/Boot.php(68): CodeIgniter\Boot::runCodeIgniter()
11 FCPATH/index.php(59): CodeIgniter\Boot::bootWeb()
12 SYSTEMPATH/rewrite.php(44): require_once('/home/jeannie/Documents/L2/S4/SI/PROJETS/GestionConge/public/index.php')
CRITICAL - 2026-05-20 06:48:32 --> [Caused by] SQLite3Exception: Unable to prepare statement: no such function: YEAR
in SYSTEMPATH/Database/SQLite3/Connection.php on line 164.
 1 SYSTEMPATH/Database/SQLite3/Connection.php(164): SQLite3->query()
 2 SYSTEMPATH/Database/BaseConnection.php(910): CodeIgniter\Database\SQLite3\Connection->execute()
 3 SYSTEMPATH/Database/BaseConnection.php(827): CodeIgniter\Database\BaseConnection->simpleQuery()
 4 SYSTEMPATH/Database/BaseBuilder.php(1733): CodeIgniter\Database\BaseConnection->query()
 5 APPPATH/Controllers/Admin/DashboardAdminController.php(163): CodeIgniter\Database\BaseBuilder->countAllResults()
 6 APPPATH/Controllers/Admin/DashboardAdminController.php(22): App\Controllers\Admin\DashboardAdminController->buildDashboardData()
 7 SYSTEMPATH/CodeIgniter.php(951): App\Controllers\Admin\DashboardAdminController->index()
 8 SYSTEMPATH/CodeIgniter.php(497): CodeIgniter\CodeIgniter->runController()
 9 SYSTEMPATH/CodeIgniter.php(340): CodeIgniter\CodeIgniter->handleRequest()
10 SYSTEMPATH/Boot.php(417): CodeIgniter\CodeIgniter->run()
11 SYSTEMPATH/Boot.php(68): CodeIgniter\Boot::runCodeIgniter()
12 FCPATH/index.php(59): CodeIgniter\Boot::bootWeb()
13 SYSTEMPATH/rewrite.php(44): require_once('/home/jeannie/Documents/L2/S4/SI/PROJETS/GestionConge/public/index.php')
ERROR - 2026-05-20 06:48:32 --> Unable to prepare statement: no such function: YEAR
in SYSTEMPATH/Database/SQLite3/Connection.php on line 164.
 1 SYSTEMPATH/Database/SQLite3/Connection.php(164): SQLite3->query()
 2 SYSTEMPATH/Database/BaseConnection.php(910): CodeIgniter\Database\SQLite3\Connection->execute()
 3 SYSTEMPATH/Database/BaseConnection.php(827): CodeIgniter\Database\BaseConnection->simpleQuery()
 4 SYSTEMPATH/Database/BaseBuilder.php(1733): CodeIgniter\Database\BaseConnection->query()
 5 APPPATH/Controllers/Admin/DashboardAdminController.php(163): CodeIgniter\Database\BaseBuilder->countAllResults()
 6 APPPATH/Controllers/Admin/DashboardAdminController.php(22): App\Controllers\Admin\DashboardAdminController->buildDashboardData()
 7 SYSTEMPATH/CodeIgniter.php(951): App\Controllers\Admin\DashboardAdminController->index()
 8 SYSTEMPATH/CodeIgniter.php(497): CodeIgniter\CodeIgniter->runController()
 9 SYSTEMPATH/CodeIgniter.php(340): CodeIgniter\CodeIgniter->handleRequest()
10 SYSTEMPATH/Boot.php(417): CodeIgniter\CodeIgniter->run()
11 SYSTEMPATH/Boot.php(68): CodeIgniter\Boot::runCodeIgniter()
12 FCPATH/index.php(59): CodeIgniter\Boot::bootWeb()
13 SYSTEMPATH/rewrite.php(44): require_once('/home/jeannie/Documents/L2/S4/SI/PROJETS/GestionConge/public/index.php')
CRITICAL - 2026-05-20 06:48:32 --> CodeIgniter\Database\Exceptions\DatabaseException: Unable to prepare statement: no such function: YEAR
[Method: GET, Route: admin/dashboard]
in SYSTEMPATH/Database/BaseConnection.php on line 865.
 1 SYSTEMPATH/Database/BaseBuilder.php(1733): CodeIgniter\Database\BaseConnection->query()
 2 APPPATH/Controllers/Admin/DashboardAdminController.php(163): CodeIgniter\Database\BaseBuilder->countAllResults()
 3 APPPATH/Controllers/Admin/DashboardAdminController.php(22): App\Controllers\Admin\DashboardAdminController->buildDashboardData()
 4 SYSTEMPATH/CodeIgniter.php(951): App\Controllers\Admin\DashboardAdminController->index()
 5 SYSTEMPATH/CodeIgniter.php(497): CodeIgniter\CodeIgniter->runController()
 6 SYSTEMPATH/CodeIgniter.php(340): CodeIgniter\CodeIgniter->handleRequest()
 7 SYSTEMPATH/Boot.php(417): CodeIgniter\CodeIgniter->run()
 8 SYSTEMPATH/Boot.php(68): CodeIgniter\Boot::runCodeIgniter()
 9 FCPATH/index.php(59): CodeIgniter\Boot::bootWeb()
10 SYSTEMPATH/rewrite.php(44): require_once('/home/jeannie/Documents/L2/S4/SI/PROJETS/GestionConge/public/index.php')
CRITICAL - 2026-05-20 06:48:32 --> [Caused by] CodeIgniter\Database\Exceptions\DatabaseException: Unable to prepare statement: no such function: YEAR
in SYSTEMPATH/Database/SQLite3/Connection.php on line 174.
 1 SYSTEMPATH/Database/BaseConnection.php(910): CodeIgniter\Database\SQLite3\Connection->execute()
 2 SYSTEMPATH/Database/BaseConnection.php(827): CodeIgniter\Database\BaseConnection->simpleQuery()
 3 SYSTEMPATH/Database/BaseBuilder.php(1733): CodeIgniter\Database\BaseConnection->query()
 4 APPPATH/Controllers/Admin/DashboardAdminController.php(163): CodeIgniter\Database\BaseBuilder->countAllResults()
 5 APPPATH/Controllers/Admin/DashboardAdminController.php(22): App\Controllers\Admin\DashboardAdminController->buildDashboardData()
 6 SYSTEMPATH/CodeIgniter.php(951): App\Controllers\Admin\DashboardAdminController->index()
 7 SYSTEMPATH/CodeIgniter.php(497): CodeIgniter\CodeIgniter->runController()
 8 SYSTEMPATH/CodeIgniter.php(340): CodeIgniter\CodeIgniter->handleRequest()
 9 SYSTEMPATH/Boot.php(417): CodeIgniter\CodeIgniter->run()
10 SYSTEMPATH/Boot.php(68): CodeIgniter\Boot::runCodeIgniter()
11 FCPATH/index.php(59): CodeIgniter\Boot::bootWeb()
12 SYSTEMPATH/rewrite.php(44): require_once('/home/jeannie/Documents/L2/S4/SI/PROJETS/GestionConge/public/index.php')
CRITICAL - 2026-05-20 06:48:32 --> [Caused by] SQLite3Exception: Unable to prepare statement: no such function: YEAR
in SYSTEMPATH/Database/SQLite3/Connection.php on line 164.
 1 SYSTEMPATH/Database/SQLite3/Connection.php(164): SQLite3->query()
 2 SYSTEMPATH/Database/BaseConnection.php(910): CodeIgniter\Database\SQLite3\Connection->execute()
 3 SYSTEMPATH/Database/BaseConnection.php(827): CodeIgniter\Database\BaseConnection->simpleQuery()
 4 SYSTEMPATH/Database/BaseBuilder.php(1733): CodeIgniter\Database\BaseConnection->query()
 5 APPPATH/Controllers/Admin/DashboardAdminController.php(163): CodeIgniter\Database\BaseBuilder->countAllResults()
 6 APPPATH/Controllers/Admin/DashboardAdminController.php(22): App\Controllers\Admin\DashboardAdminController->buildDashboardData()
 7 SYSTEMPATH/CodeIgniter.php(951): App\Controllers\Admin\DashboardAdminController->index()
 8 SYSTEMPATH/CodeIgniter.php(497): CodeIgniter\CodeIgniter->runController()
 9 SYSTEMPATH/CodeIgniter.php(340): CodeIgniter\CodeIgniter->handleRequest()
10 SYSTEMPATH/Boot.php(417): CodeIgniter\CodeIgniter->run()
11 SYSTEMPATH/Boot.php(68): CodeIgniter\Boot::runCodeIgniter()
12 FCPATH/index.php(59): CodeIgniter\Boot::bootWeb()
13 SYSTEMPATH/rewrite.php(44): require_once('/home/jeannie/Documents/L2/S4/SI/PROJETS/GestionConge/public/index.php')
ERROR - 2026-05-20 06:48:32 --> Unable to prepare statement: no such function: YEAR
in SYSTEMPATH/Database/SQLite3/Connection.php on line 164.
 1 SYSTEMPATH/Database/SQLite3/Connection.php(164): SQLite3->query()
 2 SYSTEMPATH/Database/BaseConnection.php(910): CodeIgniter\Database\SQLite3\Connection->execute()
 3 SYSTEMPATH/Database/BaseConnection.php(827): CodeIgniter\Database\BaseConnection->simpleQuery()
 4 SYSTEMPATH/Database/BaseBuilder.php(1733): CodeIgniter\Database\BaseConnection->query()
 5 APPPATH/Controllers/Admin/DashboardAdminController.php(163): CodeIgniter\Database\BaseBuilder->countAllResults()
 6 APPPATH/Controllers/Admin/DashboardAdminController.php(22): App\Controllers\Admin\DashboardAdminController->buildDashboardData()
 7 SYSTEMPATH/CodeIgniter.php(951): App\Controllers\Admin\DashboardAdminController->index()
 8 SYSTEMPATH/CodeIgniter.php(497): CodeIgniter\CodeIgniter->runController()
 9 SYSTEMPATH/CodeIgniter.php(340): CodeIgniter\CodeIgniter->handleRequest()
10 SYSTEMPATH/Boot.php(417): CodeIgniter\CodeIgniter->run()
11 SYSTEMPATH/Boot.php(68): CodeIgniter\Boot::runCodeIgniter()
12 FCPATH/index.php(59): CodeIgniter\Boot::bootWeb()
13 SYSTEMPATH/rewrite.php(44): require_once('/home/jeannie/Documents/L2/S4/SI/PROJETS/GestionConge/public/index.php')
CRITICAL - 2026-05-20 06:48:32 --> CodeIgniter\Database\Exceptions\DatabaseException: Unable to prepare statement: no such function: YEAR
[Method: GET, Route: admin/dashboard]
in SYSTEMPATH/Database/BaseConnection.php on line 865.
 1 SYSTEMPATH/Database/BaseBuilder.php(1733): CodeIgniter\Database\BaseConnection->query()
 2 APPPATH/Controllers/Admin/DashboardAdminController.php(163): CodeIgniter\Database\BaseBuilder->countAllResults()
 3 APPPATH/Controllers/Admin/DashboardAdminController.php(22): App\Controllers\Admin\DashboardAdminController->buildDashboardData()
 4 SYSTEMPATH/CodeIgniter.php(951): App\Controllers\Admin\DashboardAdminController->index()
 5 SYSTEMPATH/CodeIgniter.php(497): CodeIgniter\CodeIgniter->runController()
 6 SYSTEMPATH/CodeIgniter.php(340): CodeIgniter\CodeIgniter->handleRequest()
 7 SYSTEMPATH/Boot.php(417): CodeIgniter\CodeIgniter->run()
 8 SYSTEMPATH/Boot.php(68): CodeIgniter\Boot::runCodeIgniter()
 9 FCPATH/index.php(59): CodeIgniter\Boot::bootWeb()
10 SYSTEMPATH/rewrite.php(44): require_once('/home/jeannie/Documents/L2/S4/SI/PROJETS/GestionConge/public/index.php')
CRITICAL - 2026-05-20 06:48:32 --> [Caused by] CodeIgniter\Database\Exceptions\DatabaseException: Unable to prepare statement: no such function: YEAR
in SYSTEMPATH/Database/SQLite3/Connection.php on line 174.
 1 SYSTEMPATH/Database/BaseConnection.php(910): CodeIgniter\Database\SQLite3\Connection->execute()
 2 SYSTEMPATH/Database/BaseConnection.php(827): CodeIgniter\Database\BaseConnection->simpleQuery()
 3 SYSTEMPATH/Database/BaseBuilder.php(1733): CodeIgniter\Database\BaseConnection->query()
 4 APPPATH/Controllers/Admin/DashboardAdminController.php(163): CodeIgniter\Database\BaseBuilder->countAllResults()
 5 APPPATH/Controllers/Admin/DashboardAdminController.php(22): App\Controllers\Admin\DashboardAdminController->buildDashboardData()
 6 SYSTEMPATH/CodeIgniter.php(951): App\Controllers\Admin\DashboardAdminController->index()
 7 SYSTEMPATH/CodeIgniter.php(497): CodeIgniter\CodeIgniter->runController()
 8 SYSTEMPATH/CodeIgniter.php(340): CodeIgniter\CodeIgniter->handleRequest()
 9 SYSTEMPATH/Boot.php(417): CodeIgniter\CodeIgniter->run()
10 SYSTEMPATH/Boot.php(68): CodeIgniter\Boot::runCodeIgniter()
11 FCPATH/index.php(59): CodeIgniter\Boot::bootWeb()
12 SYSTEMPATH/rewrite.php(44): require_once('/home/jeannie/Documents/L2/S4/SI/PROJETS/GestionConge/public/index.php')
CRITICAL - 2026-05-20 06:48:32 --> [Caused by] SQLite3Exception: Unable to prepare statement: no such function: YEAR
in SYSTEMPATH/Database/SQLite3/Connection.php on line 164.
 1 SYSTEMPATH/Database/SQLite3/Connection.php(164): SQLite3->query()
 2 SYSTEMPATH/Database/BaseConnection.php(910): CodeIgniter\Database\SQLite3\Connection->execute()
 3 SYSTEMPATH/Database/BaseConnection.php(827): CodeIgniter\Database\BaseConnection->simpleQuery()
 4 SYSTEMPATH/Database/BaseBuilder.php(1733): CodeIgniter\Database\BaseConnection->query()
 5 APPPATH/Controllers/Admin/DashboardAdminController.php(163): CodeIgniter\Database\BaseBuilder->countAllResults()
 6 APPPATH/Controllers/Admin/DashboardAdminController.php(22): App\Controllers\Admin\DashboardAdminController->buildDashboardData()
 7 SYSTEMPATH/CodeIgniter.php(951): App\Controllers\Admin\DashboardAdminController->index()
 8 SYSTEMPATH/CodeIgniter.php(497): CodeIgniter\CodeIgniter->runController()
 9 SYSTEMPATH/CodeIgniter.php(340): CodeIgniter\CodeIgniter->handleRequest()
10 SYSTEMPATH/Boot.php(417): CodeIgniter\CodeIgniter->run()
11 SYSTEMPATH/Boot.php(68): CodeIgniter\Boot::runCodeIgniter()
12 FCPATH/index.php(59): CodeIgniter\Boot::bootWeb()
13 SYSTEMPATH/rewrite.php(44): require_once('/home/jeannie/Documents/L2/S4/SI/PROJETS/GestionConge/public/index.php')
ERROR - 2026-05-20 06:48:32 --> Unable to prepare statement: no such function: YEAR
in SYSTEMPATH/Database/SQLite3/Connection.php on line 164.
 1 SYSTEMPATH/Database/SQLite3/Connection.php(164): SQLite3->query()
 2 SYSTEMPATH/Database/BaseConnection.php(910): CodeIgniter\Database\SQLite3\Connection->execute()
 3 SYSTEMPATH/Database/BaseConnection.php(827): CodeIgniter\Database\BaseConnection->simpleQuery()
 4 SYSTEMPATH/Database/BaseBuilder.php(1733): CodeIgniter\Database\BaseConnection->query()
 5 APPPATH/Controllers/Admin/DashboardAdminController.php(163): CodeIgniter\Database\BaseBuilder->countAllResults()
 6 APPPATH/Controllers/Admin/DashboardAdminController.php(22): App\Controllers\Admin\DashboardAdminController->buildDashboardData()
 7 SYSTEMPATH/CodeIgniter.php(951): App\Controllers\Admin\DashboardAdminController->index()
 8 SYSTEMPATH/CodeIgniter.php(497): CodeIgniter\CodeIgniter->runController()
 9 SYSTEMPATH/CodeIgniter.php(340): CodeIgniter\CodeIgniter->handleRequest()
10 SYSTEMPATH/Boot.php(417): CodeIgniter\CodeIgniter->run()
11 SYSTEMPATH/Boot.php(68): CodeIgniter\Boot::runCodeIgniter()
12 FCPATH/index.php(59): CodeIgniter\Boot::bootWeb()
13 SYSTEMPATH/rewrite.php(44): require_once('/home/jeannie/Documents/L2/S4/SI/PROJETS/GestionConge/public/index.php')
CRITICAL - 2026-05-20 06:48:32 --> CodeIgniter\Database\Exceptions\DatabaseException: Unable to prepare statement: no such function: YEAR
[Method: GET, Route: admin/dashboard]
in SYSTEMPATH/Database/BaseConnection.php on line 865.
 1 SYSTEMPATH/Database/BaseBuilder.php(1733): CodeIgniter\Database\BaseConnection->query()
 2 APPPATH/Controllers/Admin/DashboardAdminController.php(163): CodeIgniter\Database\BaseBuilder->countAllResults()
 3 APPPATH/Controllers/Admin/DashboardAdminController.php(22): App\Controllers\Admin\DashboardAdminController->buildDashboardData()
 4 SYSTEMPATH/CodeIgniter.php(951): App\Controllers\Admin\DashboardAdminController->index()
 5 SYSTEMPATH/CodeIgniter.php(497): CodeIgniter\CodeIgniter->runController()
 6 SYSTEMPATH/CodeIgniter.php(340): CodeIgniter\CodeIgniter->handleRequest()
 7 SYSTEMPATH/Boot.php(417): CodeIgniter\CodeIgniter->run()
 8 SYSTEMPATH/Boot.php(68): CodeIgniter\Boot::runCodeIgniter()
 9 FCPATH/index.php(59): CodeIgniter\Boot::bootWeb()
10 SYSTEMPATH/rewrite.php(44): require_once('/home/jeannie/Documents/L2/S4/SI/PROJETS/GestionConge/public/index.php')
CRITICAL - 2026-05-20 06:48:32 --> [Caused by] CodeIgniter\Database\Exceptions\DatabaseException: Unable to prepare statement: no such function: YEAR
in SYSTEMPATH/Database/SQLite3/Connection.php on line 174.
 1 SYSTEMPATH/Database/BaseConnection.php(910): CodeIgniter\Database\SQLite3\Connection->execute()
 2 SYSTEMPATH/Database/BaseConnection.php(827): CodeIgniter\Database\BaseConnection->simpleQuery()
 3 SYSTEMPATH/Database/BaseBuilder.php(1733): CodeIgniter\Database\BaseConnection->query()
 4 APPPATH/Controllers/Admin/DashboardAdminController.php(163): CodeIgniter\Database\BaseBuilder->countAllResults()
 5 APPPATH/Controllers/Admin/DashboardAdminController.php(22): App\Controllers\Admin\DashboardAdminController->buildDashboardData()
 6 SYSTEMPATH/CodeIgniter.php(951): App\Controllers\Admin\DashboardAdminController->index()
 7 SYSTEMPATH/CodeIgniter.php(497): CodeIgniter\CodeIgniter->runController()
 8 SYSTEMPATH/CodeIgniter.php(340): CodeIgniter\CodeIgniter->handleRequest()
 9 SYSTEMPATH/Boot.php(417): CodeIgniter\CodeIgniter->run()
10 SYSTEMPATH/Boot.php(68): CodeIgniter\Boot::runCodeIgniter()
11 FCPATH/index.php(59): CodeIgniter\Boot::bootWeb()
12 SYSTEMPATH/rewrite.php(44): require_once('/home/jeannie/Documents/L2/S4/SI/PROJETS/GestionConge/public/index.php')
CRITICAL - 2026-05-20 06:48:32 --> [Caused by] SQLite3Exception: Unable to prepare statement: no such function: YEAR
in SYSTEMPATH/Database/SQLite3/Connection.php on line 164.
 1 SYSTEMPATH/Database/SQLite3/Connection.php(164): SQLite3->query()
 2 SYSTEMPATH/Database/BaseConnection.php(910): CodeIgniter\Database\SQLite3\Connection->execute()
 3 SYSTEMPATH/Database/BaseConnection.php(827): CodeIgniter\Database\BaseConnection->simpleQuery()
 4 SYSTEMPATH/Database/BaseBuilder.php(1733): CodeIgniter\Database\BaseConnection->query()
 5 APPPATH/Controllers/Admin/DashboardAdminController.php(163): CodeIgniter\Database\BaseBuilder->countAllResults()
 6 APPPATH/Controllers/Admin/DashboardAdminController.php(22): App\Controllers\Admin\DashboardAdminController->buildDashboardData()
 7 SYSTEMPATH/CodeIgniter.php(951): App\Controllers\Admin\DashboardAdminController->index()
 8 SYSTEMPATH/CodeIgniter.php(497): CodeIgniter\CodeIgniter->runController()
 9 SYSTEMPATH/CodeIgniter.php(340): CodeIgniter\CodeIgniter->handleRequest()
10 SYSTEMPATH/Boot.php(417): CodeIgniter\CodeIgniter->run()
11 SYSTEMPATH/Boot.php(68): CodeIgniter\Boot::runCodeIgniter()
12 FCPATH/index.php(59): CodeIgniter\Boot::bootWeb()
13 SYSTEMPATH/rewrite.php(44): require_once('/home/jeannie/Documents/L2/S4/SI/PROJETS/GestionConge/public/index.php')
ERROR - 2026-05-20 06:48:32 --> Unable to prepare statement: no such function: YEAR
in SYSTEMPATH/Database/SQLite3/Connection.php on line 164.
 1 SYSTEMPATH/Database/SQLite3/Connection.php(164): SQLite3->query()
 2 SYSTEMPATH/Database/BaseConnection.php(910): CodeIgniter\Database\SQLite3\Connection->execute()
 3 SYSTEMPATH/Database/BaseConnection.php(827): CodeIgniter\Database\BaseConnection->simpleQuery()
 4 SYSTEMPATH/Database/BaseBuilder.php(1733): CodeIgniter\Database\BaseConnection->query()
 5 APPPATH/Controllers/Admin/DashboardAdminController.php(163): CodeIgniter\Database\BaseBuilder->countAllResults()
 6 APPPATH/Controllers/Admin/DashboardAdminController.php(22): App\Controllers\Admin\DashboardAdminController->buildDashboardData()
 7 SYSTEMPATH/CodeIgniter.php(951): App\Controllers\Admin\DashboardAdminController->index()
 8 SYSTEMPATH/CodeIgniter.php(497): CodeIgniter\CodeIgniter->runController()
 9 SYSTEMPATH/CodeIgniter.php(340): CodeIgniter\CodeIgniter->handleRequest()
10 SYSTEMPATH/Boot.php(417): CodeIgniter\CodeIgniter->run()
11 SYSTEMPATH/Boot.php(68): CodeIgniter\Boot::runCodeIgniter()
12 FCPATH/index.php(59): CodeIgniter\Boot::bootWeb()
13 SYSTEMPATH/rewrite.php(44): require_once('/home/jeannie/Documents/L2/S4/SI/PROJETS/GestionConge/public/index.php')
CRITICAL - 2026-05-20 06:48:32 --> CodeIgniter\Database\Exceptions\DatabaseException: Unable to prepare statement: no such function: YEAR
[Method: GET, Route: admin/dashboard]
in SYSTEMPATH/Database/BaseConnection.php on line 865.
 1 SYSTEMPATH/Database/BaseBuilder.php(1733): CodeIgniter\Database\BaseConnection->query()
 2 APPPATH/Controllers/Admin/DashboardAdminController.php(163): CodeIgniter\Database\BaseBuilder->countAllResults()
 3 APPPATH/Controllers/Admin/DashboardAdminController.php(22): App\Controllers\Admin\DashboardAdminController->buildDashboardData()
 4 SYSTEMPATH/CodeIgniter.php(951): App\Controllers\Admin\DashboardAdminController->index()
 5 SYSTEMPATH/CodeIgniter.php(497): CodeIgniter\CodeIgniter->runController()
 6 SYSTEMPATH/CodeIgniter.php(340): CodeIgniter\CodeIgniter->handleRequest()
 7 SYSTEMPATH/Boot.php(417): CodeIgniter\CodeIgniter->run()
 8 SYSTEMPATH/Boot.php(68): CodeIgniter\Boot::runCodeIgniter()
 9 FCPATH/index.php(59): CodeIgniter\Boot::bootWeb()
10 SYSTEMPATH/rewrite.php(44): require_once('/home/jeannie/Documents/L2/S4/SI/PROJETS/GestionConge/public/index.php')
CRITICAL - 2026-05-20 06:48:32 --> [Caused by] CodeIgniter\Database\Exceptions\DatabaseException: Unable to prepare statement: no such function: YEAR
in SYSTEMPATH/Database/SQLite3/Connection.php on line 174.
 1 SYSTEMPATH/Database/BaseConnection.php(910): CodeIgniter\Database\SQLite3\Connection->execute()
 2 SYSTEMPATH/Database/BaseConnection.php(827): CodeIgniter\Database\BaseConnection->simpleQuery()
 3 SYSTEMPATH/Database/BaseBuilder.php(1733): CodeIgniter\Database\BaseConnection->query()
 4 APPPATH/Controllers/Admin/DashboardAdminController.php(163): CodeIgniter\Database\BaseBuilder->countAllResults()
 5 APPPATH/Controllers/Admin/DashboardAdminController.php(22): App\Controllers\Admin\DashboardAdminController->buildDashboardData()
 6 SYSTEMPATH/CodeIgniter.php(951): App\Controllers\Admin\DashboardAdminController->index()
 7 SYSTEMPATH/CodeIgniter.php(497): CodeIgniter\CodeIgniter->runController()
 8 SYSTEMPATH/CodeIgniter.php(340): CodeIgniter\CodeIgniter->handleRequest()
 9 SYSTEMPATH/Boot.php(417): CodeIgniter\CodeIgniter->run()
10 SYSTEMPATH/Boot.php(68): CodeIgniter\Boot::runCodeIgniter()
11 FCPATH/index.php(59): CodeIgniter\Boot::bootWeb()
12 SYSTEMPATH/rewrite.php(44): require_once('/home/jeannie/Documents/L2/S4/SI/PROJETS/GestionConge/public/index.php')
CRITICAL - 2026-05-20 06:48:32 --> [Caused by] SQLite3Exception: Unable to prepare statement: no such function: YEAR
in SYSTEMPATH/Database/SQLite3/Connection.php on line 164.
 1 SYSTEMPATH/Database/SQLite3/Connection.php(164): SQLite3->query()
 2 SYSTEMPATH/Database/BaseConnection.php(910): CodeIgniter\Database\SQLite3\Connection->execute()
 3 SYSTEMPATH/Database/BaseConnection.php(827): CodeIgniter\Database\BaseConnection->simpleQuery()
 4 SYSTEMPATH/Database/BaseBuilder.php(1733): CodeIgniter\Database\BaseConnection->query()
 5 APPPATH/Controllers/Admin/DashboardAdminController.php(163): CodeIgniter\Database\BaseBuilder->countAllResults()
 6 APPPATH/Controllers/Admin/DashboardAdminController.php(22): App\Controllers\Admin\DashboardAdminController->buildDashboardData()
 7 SYSTEMPATH/CodeIgniter.php(951): App\Controllers\Admin\DashboardAdminController->index()
 8 SYSTEMPATH/CodeIgniter.php(497): CodeIgniter\CodeIgniter->runController()
 9 SYSTEMPATH/CodeIgniter.php(340): CodeIgniter\CodeIgniter->handleRequest()
10 SYSTEMPATH/Boot.php(417): CodeIgniter\CodeIgniter->run()
11 SYSTEMPATH/Boot.php(68): CodeIgniter\Boot::runCodeIgniter()
12 FCPATH/index.php(59): CodeIgniter\Boot::bootWeb()
13 SYSTEMPATH/rewrite.php(44): require_once('/home/jeannie/Documents/L2/S4/SI/PROJETS/GestionConge/public/index.php')
ERROR - 2026-05-20 06:48:32 --> Unable to prepare statement: no such function: YEAR
in SYSTEMPATH/Database/SQLite3/Connection.php on line 164.
 1 SYSTEMPATH/Database/SQLite3/Connection.php(164): SQLite3->query()
 2 SYSTEMPATH/Database/BaseConnection.php(910): CodeIgniter\Database\SQLite3\Connection->execute()
 3 SYSTEMPATH/Database/BaseConnection.php(827): CodeIgniter\Database\BaseConnection->simpleQuery()
 4 SYSTEMPATH/Database/BaseBuilder.php(1733): CodeIgniter\Database\BaseConnection->query()
 5 APPPATH/Controllers/Admin/DashboardAdminController.php(163): CodeIgniter\Database\BaseBuilder->countAllResults()
 6 APPPATH/Controllers/Admin/DashboardAdminController.php(22): App\Controllers\Admin\DashboardAdminController->buildDashboardData()
 7 SYSTEMPATH/CodeIgniter.php(951): App\Controllers\Admin\DashboardAdminController->index()
 8 SYSTEMPATH/CodeIgniter.php(497): CodeIgniter\CodeIgniter->runController()
 9 SYSTEMPATH/CodeIgniter.php(340): CodeIgniter\CodeIgniter->handleRequest()
10 SYSTEMPATH/Boot.php(417): CodeIgniter\CodeIgniter->run()
11 SYSTEMPATH/Boot.php(68): CodeIgniter\Boot::runCodeIgniter()
12 FCPATH/index.php(59): CodeIgniter\Boot::bootWeb()
13 SYSTEMPATH/rewrite.php(44): require_once('/home/jeannie/Documents/L2/S4/SI/PROJETS/GestionConge/public/index.php')
CRITICAL - 2026-05-20 06:48:32 --> CodeIgniter\Database\Exceptions\DatabaseException: Unable to prepare statement: no such function: YEAR
[Method: GET, Route: admin/dashboard]
in SYSTEMPATH/Database/BaseConnection.php on line 865.
 1 SYSTEMPATH/Database/BaseBuilder.php(1733): CodeIgniter\Database\BaseConnection->query()
 2 APPPATH/Controllers/Admin/DashboardAdminController.php(163): CodeIgniter\Database\BaseBuilder->countAllResults()
 3 APPPATH/Controllers/Admin/DashboardAdminController.php(22): App\Controllers\Admin\DashboardAdminController->buildDashboardData()
 4 SYSTEMPATH/CodeIgniter.php(951): App\Controllers\Admin\DashboardAdminController->index()
 5 SYSTEMPATH/CodeIgniter.php(497): CodeIgniter\CodeIgniter->runController()
 6 SYSTEMPATH/CodeIgniter.php(340): CodeIgniter\CodeIgniter->handleRequest()
 7 SYSTEMPATH/Boot.php(417): CodeIgniter\CodeIgniter->run()
 8 SYSTEMPATH/Boot.php(68): CodeIgniter\Boot::runCodeIgniter()
 9 FCPATH/index.php(59): CodeIgniter\Boot::bootWeb()
10 SYSTEMPATH/rewrite.php(44): require_once('/home/jeannie/Documents/L2/S4/SI/PROJETS/GestionConge/public/index.php')
CRITICAL - 2026-05-20 06:48:32 --> [Caused by] CodeIgniter\Database\Exceptions\DatabaseException: Unable to prepare statement: no such function: YEAR
in SYSTEMPATH/Database/SQLite3/Connection.php on line 174.
 1 SYSTEMPATH/Database/BaseConnection.php(910): CodeIgniter\Database\SQLite3\Connection->execute()
 2 SYSTEMPATH/Database/BaseConnection.php(827): CodeIgniter\Database\BaseConnection->simpleQuery()
 3 SYSTEMPATH/Database/BaseBuilder.php(1733): CodeIgniter\Database\BaseConnection->query()
 4 APPPATH/Controllers/Admin/DashboardAdminController.php(163): CodeIgniter\Database\BaseBuilder->countAllResults()
 5 APPPATH/Controllers/Admin/DashboardAdminController.php(22): App\Controllers\Admin\DashboardAdminController->buildDashboardData()
 6 SYSTEMPATH/CodeIgniter.php(951): App\Controllers\Admin\DashboardAdminController->index()
 7 SYSTEMPATH/CodeIgniter.php(497): CodeIgniter\CodeIgniter->runController()
 8 SYSTEMPATH/CodeIgniter.php(340): CodeIgniter\CodeIgniter->handleRequest()
 9 SYSTEMPATH/Boot.php(417): CodeIgniter\CodeIgniter->run()
10 SYSTEMPATH/Boot.php(68): CodeIgniter\Boot::runCodeIgniter()
11 FCPATH/index.php(59): CodeIgniter\Boot::bootWeb()
12 SYSTEMPATH/rewrite.php(44): require_once('/home/jeannie/Documents/L2/S4/SI/PROJETS/GestionConge/public/index.php')
CRITICAL - 2026-05-20 06:48:32 --> [Caused by] SQLite3Exception: Unable to prepare statement: no such function: YEAR
in SYSTEMPATH/Database/SQLite3/Connection.php on line 164.
 1 SYSTEMPATH/Database/SQLite3/Connection.php(164): SQLite3->query()
 2 SYSTEMPATH/Database/BaseConnection.php(910): CodeIgniter\Database\SQLite3\Connection->execute()
 3 SYSTEMPATH/Database/BaseConnection.php(827): CodeIgniter\Database\BaseConnection->simpleQuery()
 4 SYSTEMPATH/Database/BaseBuilder.php(1733): CodeIgniter\Database\BaseConnection->query()
 5 APPPATH/Controllers/Admin/DashboardAdminController.php(163): CodeIgniter\Database\BaseBuilder->countAllResults()
 6 APPPATH/Controllers/Admin/DashboardAdminController.php(22): App\Controllers\Admin\DashboardAdminController->buildDashboardData()
 7 SYSTEMPATH/CodeIgniter.php(951): App\Controllers\Admin\DashboardAdminController->index()
 8 SYSTEMPATH/CodeIgniter.php(497): CodeIgniter\CodeIgniter->runController()
 9 SYSTEMPATH/CodeIgniter.php(340): CodeIgniter\CodeIgniter->handleRequest()
10 SYSTEMPATH/Boot.php(417): CodeIgniter\CodeIgniter->run()
11 SYSTEMPATH/Boot.php(68): CodeIgniter\Boot::runCodeIgniter()
12 FCPATH/index.php(59): CodeIgniter\Boot::bootWeb()
13 SYSTEMPATH/rewrite.php(44): require_once('/home/jeannie/Documents/L2/S4/SI/PROJETS/GestionConge/public/index.php')
ERROR - 2026-05-20 06:48:32 --> Unable to prepare statement: no such function: YEAR
in SYSTEMPATH/Database/SQLite3/Connection.php on line 164.
 1 SYSTEMPATH/Database/SQLite3/Connection.php(164): SQLite3->query()
 2 SYSTEMPATH/Database/BaseConnection.php(910): CodeIgniter\Database\SQLite3\Connection->execute()
 3 SYSTEMPATH/Database/BaseConnection.php(827): CodeIgniter\Database\BaseConnection->simpleQuery()
 4 SYSTEMPATH/Database/BaseBuilder.php(1733): CodeIgniter\Database\BaseConnection->query()
 5 APPPATH/Controllers/Admin/DashboardAdminController.php(163): CodeIgniter\Database\BaseBuilder->countAllResults()
 6 APPPATH/Controllers/Admin/DashboardAdminController.php(22): App\Controllers\Admin\DashboardAdminController->buildDashboardData()
 7 SYSTEMPATH/CodeIgniter.php(951): App\Controllers\Admin\DashboardAdminController->index()
 8 SYSTEMPATH/CodeIgniter.php(497): CodeIgniter\CodeIgniter->runController()
 9 SYSTEMPATH/CodeIgniter.php(340): CodeIgniter\CodeIgniter->handleRequest()
10 SYSTEMPATH/Boot.php(417): CodeIgniter\CodeIgniter->run()
11 SYSTEMPATH/Boot.php(68): CodeIgniter\Boot::runCodeIgniter()
12 FCPATH/index.php(59): CodeIgniter\Boot::bootWeb()
13 SYSTEMPATH/rewrite.php(44): require_once('/home/jeannie/Documents/L2/S4/SI/PROJETS/GestionConge/public/index.php')
CRITICAL - 2026-05-20 06:48:32 --> CodeIgniter\Database\Exceptions\DatabaseException: Unable to prepare statement: no such function: YEAR
[Method: GET, Route: admin/dashboard]
in SYSTEMPATH/Database/BaseConnection.php on line 865.
 1 SYSTEMPATH/Database/BaseBuilder.php(1733): CodeIgniter\Database\BaseConnection->query()
 2 APPPATH/Controllers/Admin/DashboardAdminController.php(163): CodeIgniter\Database\BaseBuilder->countAllResults()
 3 APPPATH/Controllers/Admin/DashboardAdminController.php(22): App\Controllers\Admin\DashboardAdminController->buildDashboardData()
 4 SYSTEMPATH/CodeIgniter.php(951): App\Controllers\Admin\DashboardAdminController->index()
 5 SYSTEMPATH/CodeIgniter.php(497): CodeIgniter\CodeIgniter->runController()
 6 SYSTEMPATH/CodeIgniter.php(340): CodeIgniter\CodeIgniter->handleRequest()
 7 SYSTEMPATH/Boot.php(417): CodeIgniter\CodeIgniter->run()
 8 SYSTEMPATH/Boot.php(68): CodeIgniter\Boot::runCodeIgniter()
 9 FCPATH/index.php(59): CodeIgniter\Boot::bootWeb()
10 SYSTEMPATH/rewrite.php(44): require_once('/home/jeannie/Documents/L2/S4/SI/PROJETS/GestionConge/public/index.php')
CRITICAL - 2026-05-20 06:48:32 --> [Caused by] CodeIgniter\Database\Exceptions\DatabaseException: Unable to prepare statement: no such function: YEAR
in SYSTEMPATH/Database/SQLite3/Connection.php on line 174.
 1 SYSTEMPATH/Database/BaseConnection.php(910): CodeIgniter\Database\SQLite3\Connection->execute()
 2 SYSTEMPATH/Database/BaseConnection.php(827): CodeIgniter\Database\BaseConnection->simpleQuery()
 3 SYSTEMPATH/Database/BaseBuilder.php(1733): CodeIgniter\Database\BaseConnection->query()
 4 APPPATH/Controllers/Admin/DashboardAdminController.php(163): CodeIgniter\Database\BaseBuilder->countAllResults()
 5 APPPATH/Controllers/Admin/DashboardAdminController.php(22): App\Controllers\Admin\DashboardAdminController->buildDashboardData()
 6 SYSTEMPATH/CodeIgniter.php(951): App\Controllers\Admin\DashboardAdminController->index()
 7 SYSTEMPATH/CodeIgniter.php(497): CodeIgniter\CodeIgniter->runController()
 8 SYSTEMPATH/CodeIgniter.php(340): CodeIgniter\CodeIgniter->handleRequest()
 9 SYSTEMPATH/Boot.php(417): CodeIgniter\CodeIgniter->run()
10 SYSTEMPATH/Boot.php(68): CodeIgniter\Boot::runCodeIgniter()
11 FCPATH/index.php(59): CodeIgniter\Boot::bootWeb()
12 SYSTEMPATH/rewrite.php(44): require_once('/home/jeannie/Documents/L2/S4/SI/PROJETS/GestionConge/public/index.php')
CRITICAL - 2026-05-20 06:48:32 --> [Caused by] SQLite3Exception: Unable to prepare statement: no such function: YEAR
in SYSTEMPATH/Database/SQLite3/Connection.php on line 164.
 1 SYSTEMPATH/Database/SQLite3/Connection.php(164): SQLite3->query()
 2 SYSTEMPATH/Database/BaseConnection.php(910): CodeIgniter\Database\SQLite3\Connection->execute()
 3 SYSTEMPATH/Database/BaseConnection.php(827): CodeIgniter\Database\BaseConnection->simpleQuery()
 4 SYSTEMPATH/Database/BaseBuilder.php(1733): CodeIgniter\Database\BaseConnection->query()
 5 APPPATH/Controllers/Admin/DashboardAdminController.php(163): CodeIgniter\Database\BaseBuilder->countAllResults()
 6 APPPATH/Controllers/Admin/DashboardAdminController.php(22): App\Controllers\Admin\DashboardAdminController->buildDashboardData()
 7 SYSTEMPATH/CodeIgniter.php(951): App\Controllers\Admin\DashboardAdminController->index()
 8 SYSTEMPATH/CodeIgniter.php(497): CodeIgniter\CodeIgniter->runController()
 9 SYSTEMPATH/CodeIgniter.php(340): CodeIgniter\CodeIgniter->handleRequest()
10 SYSTEMPATH/Boot.php(417): CodeIgniter\CodeIgniter->run()
11 SYSTEMPATH/Boot.php(68): CodeIgniter\Boot::runCodeIgniter()
12 FCPATH/index.php(59): CodeIgniter\Boot::bootWeb()
13 SYSTEMPATH/rewrite.php(44): require_once('/home/jeannie/Documents/L2/S4/SI/PROJETS/GestionConge/public/index.php')
ERROR - 2026-05-20 06:48:32 --> Unable to prepare statement: no such function: YEAR
in SYSTEMPATH/Database/SQLite3/Connection.php on line 164.
 1 SYSTEMPATH/Database/SQLite3/Connection.php(164): SQLite3->query()
 2 SYSTEMPATH/Database/BaseConnection.php(910): CodeIgniter\Database\SQLite3\Connection->execute()
 3 SYSTEMPATH/Database/BaseConnection.php(827): CodeIgniter\Database\BaseConnection->simpleQuery()
 4 SYSTEMPATH/Database/BaseBuilder.php(1733): CodeIgniter\Database\BaseConnection->query()
 5 APPPATH/Controllers/Admin/DashboardAdminController.php(163): CodeIgniter\Database\BaseBuilder->countAllResults()
 6 APPPATH/Controllers/Admin/DashboardAdminController.php(22): App\Controllers\Admin\DashboardAdminController->buildDashboardData()
 7 SYSTEMPATH/CodeIgniter.php(951): App\Controllers\Admin\DashboardAdminController->index()
 8 SYSTEMPATH/CodeIgniter.php(497): CodeIgniter\CodeIgniter->runController()
 9 SYSTEMPATH/CodeIgniter.php(340): CodeIgniter\CodeIgniter->handleRequest()
10 SYSTEMPATH/Boot.php(417): CodeIgniter\CodeIgniter->run()
11 SYSTEMPATH/Boot.php(68): CodeIgniter\Boot::runCodeIgniter()
12 FCPATH/index.php(59): CodeIgniter\Boot::bootWeb()
13 SYSTEMPATH/rewrite.php(44): require_once('/home/jeannie/Documents/L2/S4/SI/PROJETS/GestionConge/public/index.php')
CRITICAL - 2026-05-20 06:48:32 --> CodeIgniter\Database\Exceptions\DatabaseException: Unable to prepare statement: no such function: YEAR
[Method: GET, Route: admin/dashboard]
in SYSTEMPATH/Database/BaseConnection.php on line 865.
 1 SYSTEMPATH/Database/BaseBuilder.php(1733): CodeIgniter\Database\BaseConnection->query()
 2 APPPATH/Controllers/Admin/DashboardAdminController.php(163): CodeIgniter\Database\BaseBuilder->countAllResults()
 3 APPPATH/Controllers/Admin/DashboardAdminController.php(22): App\Controllers\Admin\DashboardAdminController->buildDashboardData()
 4 SYSTEMPATH/CodeIgniter.php(951): App\Controllers\Admin\DashboardAdminController->index()
 5 SYSTEMPATH/CodeIgniter.php(497): CodeIgniter\CodeIgniter->runController()
 6 SYSTEMPATH/CodeIgniter.php(340): CodeIgniter\CodeIgniter->handleRequest()
 7 SYSTEMPATH/Boot.php(417): CodeIgniter\CodeIgniter->run()
 8 SYSTEMPATH/Boot.php(68): CodeIgniter\Boot::runCodeIgniter()
 9 FCPATH/index.php(59): CodeIgniter\Boot::bootWeb()
10 SYSTEMPATH/rewrite.php(44): require_once('/home/jeannie/Documents/L2/S4/SI/PROJETS/GestionConge/public/index.php')
CRITICAL - 2026-05-20 06:48:32 --> [Caused by] CodeIgniter\Database\Exceptions\DatabaseException: Unable to prepare statement: no such function: YEAR
in SYSTEMPATH/Database/SQLite3/Connection.php on line 174.
 1 SYSTEMPATH/Database/BaseConnection.php(910): CodeIgniter\Database\SQLite3\Connection->execute()
 2 SYSTEMPATH/Database/BaseConnection.php(827): CodeIgniter\Database\BaseConnection->simpleQuery()
 3 SYSTEMPATH/Database/BaseBuilder.php(1733): CodeIgniter\Database\BaseConnection->query()
 4 APPPATH/Controllers/Admin/DashboardAdminController.php(163): CodeIgniter\Database\BaseBuilder->countAllResults()
 5 APPPATH/Controllers/Admin/DashboardAdminController.php(22): App\Controllers\Admin\DashboardAdminController->buildDashboardData()
 6 SYSTEMPATH/CodeIgniter.php(951): App\Controllers\Admin\DashboardAdminController->index()
 7 SYSTEMPATH/CodeIgniter.php(497): CodeIgniter\CodeIgniter->runController()
 8 SYSTEMPATH/CodeIgniter.php(340): CodeIgniter\CodeIgniter->handleRequest()
 9 SYSTEMPATH/Boot.php(417): CodeIgniter\CodeIgniter->run()
10 SYSTEMPATH/Boot.php(68): CodeIgniter\Boot::runCodeIgniter()
11 FCPATH/index.php(59): CodeIgniter\Boot::bootWeb()
12 SYSTEMPATH/rewrite.php(44): require_once('/home/jeannie/Documents/L2/S4/SI/PROJETS/GestionConge/public/index.php')
CRITICAL - 2026-05-20 06:48:32 --> [Caused by] SQLite3Exception: Unable to prepare statement: no such function: YEAR
in SYSTEMPATH/Database/SQLite3/Connection.php on line 164.
 1 SYSTEMPATH/Database/SQLite3/Connection.php(164): SQLite3->query()
 2 SYSTEMPATH/Database/BaseConnection.php(910): CodeIgniter\Database\SQLite3\Connection->execute()
 3 SYSTEMPATH/Database/BaseConnection.php(827): CodeIgniter\Database\BaseConnection->simpleQuery()
 4 SYSTEMPATH/Database/BaseBuilder.php(1733): CodeIgniter\Database\BaseConnection->query()
 5 APPPATH/Controllers/Admin/DashboardAdminController.php(163): CodeIgniter\Database\BaseBuilder->countAllResults()
 6 APPPATH/Controllers/Admin/DashboardAdminController.php(22): App\Controllers\Admin\DashboardAdminController->buildDashboardData()
 7 SYSTEMPATH/CodeIgniter.php(951): App\Controllers\Admin\DashboardAdminController->index()
 8 SYSTEMPATH/CodeIgniter.php(497): CodeIgniter\CodeIgniter->runController()
 9 SYSTEMPATH/CodeIgniter.php(340): CodeIgniter\CodeIgniter->handleRequest()
10 SYSTEMPATH/Boot.php(417): CodeIgniter\CodeIgniter->run()
11 SYSTEMPATH/Boot.php(68): CodeIgniter\Boot::runCodeIgniter()
12 FCPATH/index.php(59): CodeIgniter\Boot::bootWeb()
13 SYSTEMPATH/rewrite.php(44): require_once('/home/jeannie/Documents/L2/S4/SI/PROJETS/GestionConge/public/index.php')
ERROR - 2026-05-20 06:48:32 --> Unable to prepare statement: no such function: YEAR
in SYSTEMPATH/Database/SQLite3/Connection.php on line 164.
 1 SYSTEMPATH/Database/SQLite3/Connection.php(164): SQLite3->query()
 2 SYSTEMPATH/Database/BaseConnection.php(910): CodeIgniter\Database\SQLite3\Connection->execute()
 3 SYSTEMPATH/Database/BaseConnection.php(827): CodeIgniter\Database\BaseConnection->simpleQuery()
 4 SYSTEMPATH/Database/BaseBuilder.php(1733): CodeIgniter\Database\BaseConnection->query()
 5 APPPATH/Controllers/Admin/DashboardAdminController.php(163): CodeIgniter\Database\BaseBuilder->countAllResults()
 6 APPPATH/Controllers/Admin/DashboardAdminController.php(22): App\Controllers\Admin\DashboardAdminController->buildDashboardData()
 7 SYSTEMPATH/CodeIgniter.php(951): App\Controllers\Admin\DashboardAdminController->index()
 8 SYSTEMPATH/CodeIgniter.php(497): CodeIgniter\CodeIgniter->runController()
 9 SYSTEMPATH/CodeIgniter.php(340): CodeIgniter\CodeIgniter->handleRequest()
10 SYSTEMPATH/Boot.php(417): CodeIgniter\CodeIgniter->run()
11 SYSTEMPATH/Boot.php(68): CodeIgniter\Boot::runCodeIgniter()
12 FCPATH/index.php(59): CodeIgniter\Boot::bootWeb()
13 SYSTEMPATH/rewrite.php(44): require_once('/home/jeannie/Documents/L2/S4/SI/PROJETS/GestionConge/public/index.php')
CRITICAL - 2026-05-20 06:48:32 --> CodeIgniter\Database\Exceptions\DatabaseException: Unable to prepare statement: no such function: YEAR
[Method: GET, Route: admin/dashboard]
in SYSTEMPATH/Database/BaseConnection.php on line 865.
 1 SYSTEMPATH/Database/BaseBuilder.php(1733): CodeIgniter\Database\BaseConnection->query()
 2 APPPATH/Controllers/Admin/DashboardAdminController.php(163): CodeIgniter\Database\BaseBuilder->countAllResults()
 3 APPPATH/Controllers/Admin/DashboardAdminController.php(22): App\Controllers\Admin\DashboardAdminController->buildDashboardData()
 4 SYSTEMPATH/CodeIgniter.php(951): App\Controllers\Admin\DashboardAdminController->index()
 5 SYSTEMPATH/CodeIgniter.php(497): CodeIgniter\CodeIgniter->runController()
 6 SYSTEMPATH/CodeIgniter.php(340): CodeIgniter\CodeIgniter->handleRequest()
 7 SYSTEMPATH/Boot.php(417): CodeIgniter\CodeIgniter->run()
 8 SYSTEMPATH/Boot.php(68): CodeIgniter\Boot::runCodeIgniter()
 9 FCPATH/index.php(59): CodeIgniter\Boot::bootWeb()
10 SYSTEMPATH/rewrite.php(44): require_once('/home/jeannie/Documents/L2/S4/SI/PROJETS/GestionConge/public/index.php')
CRITICAL - 2026-05-20 06:48:32 --> [Caused by] CodeIgniter\Database\Exceptions\DatabaseException: Unable to prepare statement: no such function: YEAR
in SYSTEMPATH/Database/SQLite3/Connection.php on line 174.
 1 SYSTEMPATH/Database/BaseConnection.php(910): CodeIgniter\Database\SQLite3\Connection->execute()
 2 SYSTEMPATH/Database/BaseConnection.php(827): CodeIgniter\Database\BaseConnection->simpleQuery()
 3 SYSTEMPATH/Database/BaseBuilder.php(1733): CodeIgniter\Database\BaseConnection->query()
 4 APPPATH/Controllers/Admin/DashboardAdminController.php(163): CodeIgniter\Database\BaseBuilder->countAllResults()
 5 APPPATH/Controllers/Admin/DashboardAdminController.php(22): App\Controllers\Admin\DashboardAdminController->buildDashboardData()
 6 SYSTEMPATH/CodeIgniter.php(951): App\Controllers\Admin\DashboardAdminController->index()
 7 SYSTEMPATH/CodeIgniter.php(497): CodeIgniter\CodeIgniter->runController()
 8 SYSTEMPATH/CodeIgniter.php(340): CodeIgniter\CodeIgniter->handleRequest()
 9 SYSTEMPATH/Boot.php(417): CodeIgniter\CodeIgniter->run()
10 SYSTEMPATH/Boot.php(68): CodeIgniter\Boot::runCodeIgniter()
11 FCPATH/index.php(59): CodeIgniter\Boot::bootWeb()
12 SYSTEMPATH/rewrite.php(44): require_once('/home/jeannie/Documents/L2/S4/SI/PROJETS/GestionConge/public/index.php')
CRITICAL - 2026-05-20 06:48:32 --> [Caused by] SQLite3Exception: Unable to prepare statement: no such function: YEAR
in SYSTEMPATH/Database/SQLite3/Connection.php on line 164.
 1 SYSTEMPATH/Database/SQLite3/Connection.php(164): SQLite3->query()
 2 SYSTEMPATH/Database/BaseConnection.php(910): CodeIgniter\Database\SQLite3\Connection->execute()
 3 SYSTEMPATH/Database/BaseConnection.php(827): CodeIgniter\Database\BaseConnection->simpleQuery()
 4 SYSTEMPATH/Database/BaseBuilder.php(1733): CodeIgniter\Database\BaseConnection->query()
 5 APPPATH/Controllers/Admin/DashboardAdminController.php(163): CodeIgniter\Database\BaseBuilder->countAllResults()
 6 APPPATH/Controllers/Admin/DashboardAdminController.php(22): App\Controllers\Admin\DashboardAdminController->buildDashboardData()
 7 SYSTEMPATH/CodeIgniter.php(951): App\Controllers\Admin\DashboardAdminController->index()
 8 SYSTEMPATH/CodeIgniter.php(497): CodeIgniter\CodeIgniter->runController()
 9 SYSTEMPATH/CodeIgniter.php(340): CodeIgniter\CodeIgniter->handleRequest()
10 SYSTEMPATH/Boot.php(417): CodeIgniter\CodeIgniter->run()
11 SYSTEMPATH/Boot.php(68): CodeIgniter\Boot::runCodeIgniter()
12 FCPATH/index.php(59): CodeIgniter\Boot::bootWeb()
13 SYSTEMPATH/rewrite.php(44): require_once('/home/jeannie/Documents/L2/S4/SI/PROJETS/GestionConge/public/index.php')
ERROR - 2026-05-20 06:48:32 --> Unable to prepare statement: no such function: YEAR
in SYSTEMPATH/Database/SQLite3/Connection.php on line 164.
 1 SYSTEMPATH/Database/SQLite3/Connection.php(164): SQLite3->query()
 2 SYSTEMPATH/Database/BaseConnection.php(910): CodeIgniter\Database\SQLite3\Connection->execute()
 3 SYSTEMPATH/Database/BaseConnection.php(827): CodeIgniter\Database\BaseConnection->simpleQuery()
 4 SYSTEMPATH/Database/BaseBuilder.php(1733): CodeIgniter\Database\BaseConnection->query()
 5 APPPATH/Controllers/Admin/DashboardAdminController.php(163): CodeIgniter\Database\BaseBuilder->countAllResults()
 6 APPPATH/Controllers/Admin/DashboardAdminController.php(22): App\Controllers\Admin\DashboardAdminController->buildDashboardData()
 7 SYSTEMPATH/CodeIgniter.php(951): App\Controllers\Admin\DashboardAdminController->index()
 8 SYSTEMPATH/CodeIgniter.php(497): CodeIgniter\CodeIgniter->runController()
 9 SYSTEMPATH/CodeIgniter.php(340): CodeIgniter\CodeIgniter->handleRequest()
10 SYSTEMPATH/Boot.php(417): CodeIgniter\CodeIgniter->run()
11 SYSTEMPATH/Boot.php(68): CodeIgniter\Boot::runCodeIgniter()
12 FCPATH/index.php(59): CodeIgniter\Boot::bootWeb()
13 SYSTEMPATH/rewrite.php(44): require_once('/home/jeannie/Documents/L2/S4/SI/PROJETS/GestionConge/public/index.php')
CRITICAL - 2026-05-20 06:48:32 --> CodeIgniter\Database\Exceptions\DatabaseException: Unable to prepare statement: no such function: YEAR
[Method: GET, Route: admin/dashboard]
in SYSTEMPATH/Database/BaseConnection.php on line 865.
 1 SYSTEMPATH/Database/BaseBuilder.php(1733): CodeIgniter\Database\BaseConnection->query()
 2 APPPATH/Controllers/Admin/DashboardAdminController.php(163): CodeIgniter\Database\BaseBuilder->countAllResults()
 3 APPPATH/Controllers/Admin/DashboardAdminController.php(22): App\Controllers\Admin\DashboardAdminController->buildDashboardData()
 4 SYSTEMPATH/CodeIgniter.php(951): App\Controllers\Admin\DashboardAdminController->index()
 5 SYSTEMPATH/CodeIgniter.php(497): CodeIgniter\CodeIgniter->runController()
 6 SYSTEMPATH/CodeIgniter.php(340): CodeIgniter\CodeIgniter->handleRequest()
 7 SYSTEMPATH/Boot.php(417): CodeIgniter\CodeIgniter->run()
 8 SYSTEMPATH/Boot.php(68): CodeIgniter\Boot::runCodeIgniter()
 9 FCPATH/index.php(59): CodeIgniter\Boot::bootWeb()
10 SYSTEMPATH/rewrite.php(44): require_once('/home/jeannie/Documents/L2/S4/SI/PROJETS/GestionConge/public/index.php')
CRITICAL - 2026-05-20 06:48:32 --> [Caused by] CodeIgniter\Database\Exceptions\DatabaseException: Unable to prepare statement: no such function: YEAR
in SYSTEMPATH/Database/SQLite3/Connection.php on line 174.
 1 SYSTEMPATH/Database/BaseConnection.php(910): CodeIgniter\Database\SQLite3\Connection->execute()
 2 SYSTEMPATH/Database/BaseConnection.php(827): CodeIgniter\Database\BaseConnection->simpleQuery()
 3 SYSTEMPATH/Database/BaseBuilder.php(1733): CodeIgniter\Database\BaseConnection->query()
 4 APPPATH/Controllers/Admin/DashboardAdminController.php(163): CodeIgniter\Database\BaseBuilder->countAllResults()
 5 APPPATH/Controllers/Admin/DashboardAdminController.php(22): App\Controllers\Admin\DashboardAdminController->buildDashboardData()
 6 SYSTEMPATH/CodeIgniter.php(951): App\Controllers\Admin\DashboardAdminController->index()
 7 SYSTEMPATH/CodeIgniter.php(497): CodeIgniter\CodeIgniter->runController()
 8 SYSTEMPATH/CodeIgniter.php(340): CodeIgniter\CodeIgniter->handleRequest()
 9 SYSTEMPATH/Boot.php(417): CodeIgniter\CodeIgniter->run()
10 SYSTEMPATH/Boot.php(68): CodeIgniter\Boot::runCodeIgniter()
11 FCPATH/index.php(59): CodeIgniter\Boot::bootWeb()
12 SYSTEMPATH/rewrite.php(44): require_once('/home/jeannie/Documents/L2/S4/SI/PROJETS/GestionConge/public/index.php')
CRITICAL - 2026-05-20 06:48:32 --> [Caused by] SQLite3Exception: Unable to prepare statement: no such function: YEAR
in SYSTEMPATH/Database/SQLite3/Connection.php on line 164.
 1 SYSTEMPATH/Database/SQLite3/Connection.php(164): SQLite3->query()
 2 SYSTEMPATH/Database/BaseConnection.php(910): CodeIgniter\Database\SQLite3\Connection->execute()
 3 SYSTEMPATH/Database/BaseConnection.php(827): CodeIgniter\Database\BaseConnection->simpleQuery()
 4 SYSTEMPATH/Database/BaseBuilder.php(1733): CodeIgniter\Database\BaseConnection->query()
 5 APPPATH/Controllers/Admin/DashboardAdminController.php(163): CodeIgniter\Database\BaseBuilder->countAllResults()
 6 APPPATH/Controllers/Admin/DashboardAdminController.php(22): App\Controllers\Admin\DashboardAdminController->buildDashboardData()
 7 SYSTEMPATH/CodeIgniter.php(951): App\Controllers\Admin\DashboardAdminController->index()
 8 SYSTEMPATH/CodeIgniter.php(497): CodeIgniter\CodeIgniter->runController()
 9 SYSTEMPATH/CodeIgniter.php(340): CodeIgniter\CodeIgniter->handleRequest()
10 SYSTEMPATH/Boot.php(417): CodeIgniter\CodeIgniter->run()
11 SYSTEMPATH/Boot.php(68): CodeIgniter\Boot::runCodeIgniter()
12 FCPATH/index.php(59): CodeIgniter\Boot::bootWeb()
13 SYSTEMPATH/rewrite.php(44): require_once('/home/jeannie/Documents/L2/S4/SI/PROJETS/GestionConge/public/index.php')
ERROR - 2026-05-20 06:48:32 --> Unable to prepare statement: no such function: YEAR
in SYSTEMPATH/Database/SQLite3/Connection.php on line 164.
 1 SYSTEMPATH/Database/SQLite3/Connection.php(164): SQLite3->query()
 2 SYSTEMPATH/Database/BaseConnection.php(910): CodeIgniter\Database\SQLite3\Connection->execute()
 3 SYSTEMPATH/Database/BaseConnection.php(827): CodeIgniter\Database\BaseConnection->simpleQuery()
 4 SYSTEMPATH/Database/BaseBuilder.php(1733): CodeIgniter\Database\BaseConnection->query()
 5 APPPATH/Controllers/Admin/DashboardAdminController.php(163): CodeIgniter\Database\BaseBuilder->countAllResults()
 6 APPPATH/Controllers/Admin/DashboardAdminController.php(22): App\Controllers\Admin\DashboardAdminController->buildDashboardData()
 7 SYSTEMPATH/CodeIgniter.php(951): App\Controllers\Admin\DashboardAdminController->index()
 8 SYSTEMPATH/CodeIgniter.php(497): CodeIgniter\CodeIgniter->runController()
 9 SYSTEMPATH/CodeIgniter.php(340): CodeIgniter\CodeIgniter->handleRequest()
10 SYSTEMPATH/Boot.php(417): CodeIgniter\CodeIgniter->run()
11 SYSTEMPATH/Boot.php(68): CodeIgniter\Boot::runCodeIgniter()
12 FCPATH/index.php(59): CodeIgniter\Boot::bootWeb()
13 SYSTEMPATH/rewrite.php(44): require_once('/home/jeannie/Documents/L2/S4/SI/PROJETS/GestionConge/public/index.php')
CRITICAL - 2026-05-20 06:48:32 --> CodeIgniter\Database\Exceptions\DatabaseException: Unable to prepare statement: no such function: YEAR
[Method: GET, Route: admin/dashboard]
in SYSTEMPATH/Database/BaseConnection.php on line 865.
 1 SYSTEMPATH/Database/BaseBuilder.php(1733): CodeIgniter\Database\BaseConnection->query()
 2 APPPATH/Controllers/Admin/DashboardAdminController.php(163): CodeIgniter\Database\BaseBuilder->countAllResults()
 3 APPPATH/Controllers/Admin/DashboardAdminController.php(22): App\Controllers\Admin\DashboardAdminController->buildDashboardData()
 4 SYSTEMPATH/CodeIgniter.php(951): App\Controllers\Admin\DashboardAdminController->index()
 5 SYSTEMPATH/CodeIgniter.php(497): CodeIgniter\CodeIgniter->runController()
 6 SYSTEMPATH/CodeIgniter.php(340): CodeIgniter\CodeIgniter->handleRequest()
 7 SYSTEMPATH/Boot.php(417): CodeIgniter\CodeIgniter->run()
 8 SYSTEMPATH/Boot.php(68): CodeIgniter\Boot::runCodeIgniter()
 9 FCPATH/index.php(59): CodeIgniter\Boot::bootWeb()
10 SYSTEMPATH/rewrite.php(44): require_once('/home/jeannie/Documents/L2/S4/SI/PROJETS/GestionConge/public/index.php')
CRITICAL - 2026-05-20 06:48:32 --> [Caused by] CodeIgniter\Database\Exceptions\DatabaseException: Unable to prepare statement: no such function: YEAR
in SYSTEMPATH/Database/SQLite3/Connection.php on line 174.
 1 SYSTEMPATH/Database/BaseConnection.php(910): CodeIgniter\Database\SQLite3\Connection->execute()
 2 SYSTEMPATH/Database/BaseConnection.php(827): CodeIgniter\Database\BaseConnection->simpleQuery()
 3 SYSTEMPATH/Database/BaseBuilder.php(1733): CodeIgniter\Database\BaseConnection->query()
 4 APPPATH/Controllers/Admin/DashboardAdminController.php(163): CodeIgniter\Database\BaseBuilder->countAllResults()
 5 APPPATH/Controllers/Admin/DashboardAdminController.php(22): App\Controllers\Admin\DashboardAdminController->buildDashboardData()
 6 SYSTEMPATH/CodeIgniter.php(951): App\Controllers\Admin\DashboardAdminController->index()
 7 SYSTEMPATH/CodeIgniter.php(497): CodeIgniter\CodeIgniter->runController()
 8 SYSTEMPATH/CodeIgniter.php(340): CodeIgniter\CodeIgniter->handleRequest()
 9 SYSTEMPATH/Boot.php(417): CodeIgniter\CodeIgniter->run()
10 SYSTEMPATH/Boot.php(68): CodeIgniter\Boot::runCodeIgniter()
11 FCPATH/index.php(59): CodeIgniter\Boot::bootWeb()
12 SYSTEMPATH/rewrite.php(44): require_once('/home/jeannie/Documents/L2/S4/SI/PROJETS/GestionConge/public/index.php')
CRITICAL - 2026-05-20 06:48:32 --> [Caused by] SQLite3Exception: Unable to prepare statement: no such function: YEAR
in SYSTEMPATH/Database/SQLite3/Connection.php on line 164.
 1 SYSTEMPATH/Database/SQLite3/Connection.php(164): SQLite3->query()
 2 SYSTEMPATH/Database/BaseConnection.php(910): CodeIgniter\Database\SQLite3\Connection->execute()
 3 SYSTEMPATH/Database/BaseConnection.php(827): CodeIgniter\Database\BaseConnection->simpleQuery()
 4 SYSTEMPATH/Database/BaseBuilder.php(1733): CodeIgniter\Database\BaseConnection->query()
 5 APPPATH/Controllers/Admin/DashboardAdminController.php(163): CodeIgniter\Database\BaseBuilder->countAllResults()
 6 APPPATH/Controllers/Admin/DashboardAdminController.php(22): App\Controllers\Admin\DashboardAdminController->buildDashboardData()
 7 SYSTEMPATH/CodeIgniter.php(951): App\Controllers\Admin\DashboardAdminController->index()
 8 SYSTEMPATH/CodeIgniter.php(497): CodeIgniter\CodeIgniter->runController()
 9 SYSTEMPATH/CodeIgniter.php(340): CodeIgniter\CodeIgniter->handleRequest()
10 SYSTEMPATH/Boot.php(417): CodeIgniter\CodeIgniter->run()
11 SYSTEMPATH/Boot.php(68): CodeIgniter\Boot::runCodeIgniter()
12 FCPATH/index.php(59): CodeIgniter\Boot::bootWeb()
13 SYSTEMPATH/rewrite.php(44): require_once('/home/jeannie/Documents/L2/S4/SI/PROJETS/GestionConge/public/index.php')
CRITICAL - 2026-05-20 06:50:57 --> ErrorException: Undefined variable $mois
[Method: GET, Route: admin/dashboard]
in APPPATH/Controllers/Admin/DashboardAdminController.php on line 161.
 1 APPPATH/Controllers/Admin/DashboardAdminController.php(161): CodeIgniter\Debug\Exceptions->errorHandler()
 2 APPPATH/Controllers/Admin/DashboardAdminController.php(22): App\Controllers\Admin\DashboardAdminController->buildDashboardData()
 3 SYSTEMPATH/CodeIgniter.php(951): App\Controllers\Admin\DashboardAdminController->index()
 4 SYSTEMPATH/CodeIgniter.php(497): CodeIgniter\CodeIgniter->runController()
 5 SYSTEMPATH/CodeIgniter.php(340): CodeIgniter\CodeIgniter->handleRequest()
 6 SYSTEMPATH/Boot.php(417): CodeIgniter\CodeIgniter->run()
 7 SYSTEMPATH/Boot.php(68): CodeIgniter\Boot::runCodeIgniter()
 8 FCPATH/index.php(59): CodeIgniter\Boot::bootWeb()
 9 SYSTEMPATH/rewrite.php(44): require_once('/home/jeannie/Documents/L2/S4/SI/PROJETS/GestionConge/public/index.php')
CRITICAL - 2026-05-20 06:50:58 --> ErrorException: Undefined variable $mois
[Method: GET, Route: admin/dashboard]
in APPPATH/Controllers/Admin/DashboardAdminController.php on line 161.
 1 APPPATH/Controllers/Admin/DashboardAdminController.php(161): CodeIgniter\Debug\Exceptions->errorHandler()
 2 APPPATH/Controllers/Admin/DashboardAdminController.php(22): App\Controllers\Admin\DashboardAdminController->buildDashboardData()
 3 SYSTEMPATH/CodeIgniter.php(951): App\Controllers\Admin\DashboardAdminController->index()
 4 SYSTEMPATH/CodeIgniter.php(497): CodeIgniter\CodeIgniter->runController()
 5 SYSTEMPATH/CodeIgniter.php(340): CodeIgniter\CodeIgniter->handleRequest()
 6 SYSTEMPATH/Boot.php(417): CodeIgniter\CodeIgniter->run()
 7 SYSTEMPATH/Boot.php(68): CodeIgniter\Boot::runCodeIgniter()
 8 FCPATH/index.php(59): CodeIgniter\Boot::bootWeb()
 9 SYSTEMPATH/rewrite.php(44): require_once('/home/jeannie/Documents/L2/S4/SI/PROJETS/GestionConge/public/index.php')
CRITICAL - 2026-05-20 06:50:59 --> ErrorException: Undefined variable $mois
[Method: GET, Route: admin/dashboard]
in APPPATH/Controllers/Admin/DashboardAdminController.php on line 161.
 1 APPPATH/Controllers/Admin/DashboardAdminController.php(161): CodeIgniter\Debug\Exceptions->errorHandler()
 2 APPPATH/Controllers/Admin/DashboardAdminController.php(22): App\Controllers\Admin\DashboardAdminController->buildDashboardData()
 3 SYSTEMPATH/CodeIgniter.php(951): App\Controllers\Admin\DashboardAdminController->index()
 4 SYSTEMPATH/CodeIgniter.php(497): CodeIgniter\CodeIgniter->runController()
 5 SYSTEMPATH/CodeIgniter.php(340): CodeIgniter\CodeIgniter->handleRequest()
 6 SYSTEMPATH/Boot.php(417): CodeIgniter\CodeIgniter->run()
 7 SYSTEMPATH/Boot.php(68): CodeIgniter\Boot::runCodeIgniter()
 8 FCPATH/index.php(59): CodeIgniter\Boot::bootWeb()
 9 SYSTEMPATH/rewrite.php(44): require_once('/home/jeannie/Documents/L2/S4/SI/PROJETS/GestionConge/public/index.php')
